(1506, 90, 258, 402, 117, 267, 191, 329, 147, 'R', 1100),
(1507, 91, 252, 402, 116, 266, 190, 326, 150, 'R', 1100),
(1508, 92, 248, 406, 116, 266, 190, 326, 154, 'R', 1100),
(1509, 93, 245, 405, 117, 267, 191, 324, 155, 'R', 1100),
(1510, 94, 245, 405, 117, 267, 191, 324, 155, 'R', 1100),
(1511, 95, 244, 406, 117, 267, 191, 324, 156, 'R', 1100),
(1512, 96, 244, 406, 117, 267, 191, 324, 156, 'R', 1100),
(1513, 97, 244, 406, 117, 267, 191, 324, 156, 'R', 1100),
(1514, 98, 282, 402, 117, 267, 191, 341, 135, 'R', 1100),
(1515, 102, 321, 391, 111, 243, 176, 355, 101, 'R', 1100),
(1516, 103, 290, 394, 105, 247, 175, 341, 123, 'R', 1100),
(1517, 104, 272, 396, 104, 248, 175, 333, 134, 'R', 1100),
(1518, 105, 261, 399, 103, 249, 175, 329, 142, 'R', 1100),
(1519, 106, 254, 400, 104, 250, 176, 326, 146, 'R', 1100),
(1520, 107, 251, 401, 104, 250, 176, 325, 148, 'R', 1100),
(1521, 108, 249, 401, 104, 250, 176, 324, 149, 'R', 1100),
(1522, 109, 246, 402, 104, 250, 176, 323, 151, 'R', 1100),
(1523, 110, 245, 403, 104, 250, 176, 323, 152, 'R', 1100),
(1524, 111, 243, 403, 104, 250, 176, 322, 153, 'R', 1100),
(1525, 112, 243, 403, 104, 250, 176, 322, 153, 'R', 1100),
(1526, 113, 252, 402, 104, 250, 176, 326, 148, 'R', 1100),
(1527, 114, 360, 392, 120, 238, 178, 375, 75, 'R', 1100),
(1528, 118, 320, 386, 118, 244, 180, 352, 96, 'R', 1100),
(1529, 119, 285, 391, 109, 251, 179, 337, 124, 'R', 1100),
(1530, 120, 264, 394, 107, 251, 178, 328, 137, 'R', 1100),
(1531, 121, 255, 395, 106, 252, 178, 324, 143, 'R', 1100),
(1532, 122, 248, 398, 105, 253, 178, 322, 149, 'R', 1100),
(1533, 123, 244, 398, 106, 252, 178, 320, 150, 'R', 1100),
(1534, 124, 242, 400, 106, 252, 178, 320, 152, 'R', 1100),
(1535, 125, 240, 398, 106, 252, 178, 318, 152, 'R', 1100),
(1536, 126, 239, 399, 106, 252, 178, 318, 153, 'R', 1100),
(1537, 127, 239, 399, 106, 252, 178, 318, 153, 'R', 1100),
(1538, 128, 238, 400, 105, 251, 177, 318, 154, 'R', 1100),
(1539, 129, 238, 400, 104, 252, 177, 318, 155, 'R', 1100),
(1540, 130, 238, 400, 104, 252, 177, 318, 155, 'R', 1100),
(1541, 131, 238, 400, 104, 252, 177, 318, 155, 'R', 1100),
(1542, 132, 238, 400, 106, 252, 178, 318, 154, 'R', 1100),
(1543, 133, 238, 400, 106, 252, 178, 318, 154, 'R', 1100),
(1544, 134, 254, 398, 106, 252, 178, 325, 145, 'R', 1100),
(1545, 139, 331, 387, 119, 249, 183, 358, 93, 'R', 1100),
(1546, 140, 302, 390, 108, 248, 177, 345, 114, 'R', 1100),
(1547, 141, 282, 394, 108, 252, 179, 337, 128, 'R', 1100),
(1548, 142, 268, 396, 106, 252, 178, 331, 137, 'R', 1100),
(1549, 143, 261, 397, 107, 253, 179, 328, 141, 'R', 1100),
(1550, 144, 255, 399, 107, 253, 179, 326, 145, 'R', 1100),
(1551, 145, 252, 400, 107, 253, 179, 325, 147, 'R', 1100),
(1552, 146, 250, 400, 107, 253, 179, 324, 148, 'R', 1100),
(1553, 147, 249, 401, 107, 253, 179, 324, 149, 'R', 1100),
(1554, 148, 246, 400, 107, 253, 179, 322, 150, 'R', 1100),
(1555, 149, 244, 402, 106, 252, 178, 322, 152, 'R', 1100),
(1556, 150, 244, 402, 106, 252, 178, 322, 152, 'R', 1100),
(1557, 151, 243, 403, 106, 252, 178, 322, 153, 'R', 1100),
(1558, 152, 243, 403, 107, 253, 179, 322, 153, 'R', 1100),
(1559, 153, 244, 402, 107, 253, 179, 322, 152, 'R', 1100),
(1560, 154, 282, 398, 106, 252, 178, 339, 131, 'R', 1100),
(1561, 160, 209, 403, 105, 321, 212, 305, 205, 'R', 1100),
(1562, 160, 261, 393, 107, 249, 177, 326, 137, 'R', 1100),
(1563, 161, 258, 392, 105, 261, 182, 324, 145, 'R', 1100),
(1564, 162, 248, 394, 108, 258, 182, 320, 148, 'R', 1100),
(1565, 163, 244, 394, 107, 259, 182, 318, 151, 'R', 1100),
(1566, 164, 235, 393, 108, 262, 184, 313, 156, 'R', 1100),
(1567, 165, 228, 392, 109, 255, 181, 309, 155, 'R', 1100),
(1568, 166, 236, 392, 108, 258, 182, 313, 153, 'R', 1100),
(1569, 167, 251, 391, 109, 253, 180, 320, 142, 'R', 1100),
(1570, 168, 242, 390, 110, 246, 177, 315, 142, 'R', 1100),
(1571, 169, 249, 391, 119, 249, 183, 319, 136, 'R', 1100),
(1572, 170, 258, 392, 121, 247, 183, 324, 130, 'R', 1100),
(1573, 171, 258, 392, 124, 246, 184, 324, 128, 'R', 1100),
(1574, 172, 263, 389, 125, 245, 184, 325, 123, 'R', 1100),
(1575, 173, 263, 387, 127, 243, 184, 324, 120, 'R', 1100),
(1576, 174, 264, 386, 128, 240, 183, 324, 117, 'R', 1100),
(1577, 175, 265, 385, 128, 240, 183, 324, 116, 'R', 1100),
(1578, 176, 265, 385, 128, 238, 182, 324, 115, 'R', 1100),
(1579, 177, 265, 383, 128, 238, 182, 323, 114, 'R', 1100),
(1580, 178, 264, 382, 129, 237, 182, 322, 113, 'R', 1100),
(1581, 179, 266, 382, 130, 236, 182, 323, 111, 'R', 1100),
(1582, 180, 266, 380, 131, 235, 182, 322, 109, 'R', 1100),
(1583, 181, 267, 379, 132, 234, 182, 322, 107, 'R', 1100),
(1584, 182, 267, 379, 132, 236, 183, 322, 108, 'R', 1100),
(1585, 183, 269, 379, 133, 233, 182, 323, 105, 'R', 1100),
(1586, 184, 267, 379, 134, 234, 183, 322, 106, 'R', 1100),
(1587, 185, 269, 379, 133, 233, 182, 323, 105, 'R', 1100),
(1588, 186, 270, 378, 135, 233, 183, 323, 103, 'R', 1100),
(1589, 187, 273, 377, 134, 232, 182, 324, 101, 'R', 1100),
(1590, 188, 273, 377, 135, 231, 182, 324, 100, 'R', 1100),
(1591, 189, 274, 376, 135, 231, 182, 324, 99, 'R', 1100),
(1592, 190, 274, 376, 135, 231, 182, 324, 99, 'R', 1100),
(1593, 191, 274, 376, 136, 230, 182, 324, 98, 'R', 1100),
(1594, 192, 274, 376, 137, 229, 182, 324, 97, 'R', 1100),
(1595, 193, 276, 376, 135, 229, 181, 325, 97, 'R', 1100),
(1596, 194, 275, 375, 135, 227, 180, 324, 96, 'R', 1100),
(1597, 195, 316, 368, 136, 226, 180, 341, 71, 'R', 1100),
(1598, 198, 316, 372, 131, 209, 169, 343, 67, 'R', 1100),
(1599, 199, 288, 376, 130, 220, 174, 331, 89, 'R', 1100),
(1600, 200, 282, 378, 130, 222, 175, 329, 94, 'R', 1100),
(1601, 201, 282, 380, 130, 222, 175, 330, 95, 'R', 1100),
(1602, 202, 282, 382, 131, 223, 176, 331, 96, 'R', 1100),
(1603, 203, 282, 382, 129, 225, 176, 331, 98, 'R', 1100),
(1604, 204, 281, 383, 129, 223, 175, 331, 98, 'R', 1100),
(1605, 205, 280, 384, 128, 226, 176, 331, 101, 'R', 1100),
(1606, 206, 280, 384, 128, 226, 176, 331, 101, 'R', 1100),
(1607, 207, 280, 386, 127, 225, 175, 332, 102, 'R', 1100),
(1608, 208, 279, 385, 126, 226, 175, 331, 103, 'R', 1100),
(1609, 209, 279, 387, 125, 227, 175, 332, 105, 'R', 1100),
(1610, 210, 276, 386, 125, 227, 175, 330, 106, 'R', 1100),
(1611, 211, 317, 381, 127, 229, 177, 348, 83, 'R', 1100),
(1612, 215, 325, 377, 142, 244, 192, 350, 77, 'R', 1100),
(1613, 216, 294, 382, 130, 238, 183, 337, 98, 'R', 1100),
(1614, 217, 279, 385, 127, 237, 181, 331, 108, 'R', 1100),
(1615, 218, 272, 386, 128, 238, 182, 328, 112, 'R', 1100),
(1616, 219, 272, 388, 128, 238, 182, 329, 113, 'R', 1100),
(1617, 220, 269, 389, 127, 239, 182, 328, 116, 'R', 1100),
(1618, 221, 269, 389, 127, 239, 182, 328, 116, 'R', 1100),
(1619, 222, 271, 391, 127, 239, 182, 330, 116, 'R', 1100),
(1620, 223, 271, 391, 126, 240, 182, 330, 117, 'R', 1100),
(1621, 224, 270, 392, 126, 240, 182, 330, 118, 'R', 1100),
(1622, 225, 269, 393, 125, 241, 182, 330, 120, 'R', 1100),
(1623, 226, 269, 393, 125, 241, 182, 330, 120, 'R', 1100),
(1624, 227, 269, 393, 124, 242, 182, 330, 121, 'R', 1100),
(1625, 228, 268, 394, 124, 242, 182, 330, 122, 'R', 1100),
(1626, 229, 267, 393, 116, 232, 173, 329, 121, 'R', 1100),
(1627, 230, 265, 393, 114, 232, 172, 328, 123, 'R', 1100),
(1628, 231, 265, 393, 114, 232, 172, 328, 123, 'R', 1100),
(1629, 232, 264, 392, 114, 232, 172, 327, 123, 'R', 1100),
(1630, 233, 264, 392, 113, 233, 172, 327, 124, 'R', 1100),
(1631, 234, 264, 392, 113, 233, 172, 327, 124, 'R', 1100),
(1632, 235, 262, 392, 113, 231, 171, 326, 124, 'R', 1100),
(1633, 236, 312, 386, 117, 231, 173, 348, 94, 'R', 1100),
(1634, 239, 343, 379, 133, 213, 172, 360, 58, 'R', 1100),
(1635, 240, 307, 383, 120, 232, 175, 344, 94, 'R', 1100),
(1636, 241, 285, 387, 117, 237, 176, 335, 111, 'R', 1100),
(1637, 242, 276, 388, 117, 237, 176, 331, 116, 'R', 1100),
(1638, 243, 268, 390, 117, 237, 176, 328, 121, 'R', 1100),
(1639, 244, 263, 391, 117, 237, 176, 326, 124, 'R', 1100),
(1640, 245, 262, 392, 117, 237, 176, 326, 125, 'R', 1100),
(1641, 246, 261, 393, 116, 238, 176, 326, 127, 'R', 1100),
(1642, 247, 262, 394, 116, 238, 176, 327, 127, 'R', 1100),
(1643, 248, 262, 396, 116, 238, 176, 328, 128, 'R', 1100),
(1644, 249, 262, 396, 116, 238, 176, 328, 128, 'R', 1100),
(1645, 250, 262, 396, 117, 239, 177, 328, 128, 'R', 1100),
(1646, 251, 262, 396, 117, 239, 177, 328, 128, 'R', 1100),
(1647, 252, 296, 392, 118, 238, 177, 343, 108, 'R', 1100),
(1648, 256, 317, 389, 128, 246, 186, 352, 95, 'R', 1100),
(1649, 257, 291, 393, 126, 252, 188, 341, 114, 'R', 1100),
(1650, 258, 277, 395, 124, 252, 187, 335, 123, 'R', 1100),
(1651, 259, 267, 397, 123, 253, 187, 331, 130, 'R', 1100),
(1652, 260, 264, 398, 123, 253, 187, 330, 132, 'R', 1100),
(1653, 261, 263, 399, 123, 253, 187, 330, 133, 'R', 1100),
(1654, 262, 263, 399, 123, 253, 187, 330, 133, 'R', 1100),
(1655, 263, 262, 400, 123, 253, 187, 330, 134, 'R', 1100),
(1656, 264, 262, 400, 123, 253, 187, 330, 134, 'R', 1100),
(1657, 265, 262, 400, 123, 253, 187, 330, 134, 'R', 1100),
(1658, 266, 262, 400, 123, 253, 187, 330, 134, 'R', 1100),
(1659, 267, 263, 401, 123, 253, 187, 331, 134, 'R', 1100),
(1660, 268, 263, 401, 123, 253, 187, 331, 134, 'R', 1100),
(1661, 269, 263, 401, 123, 253, 187, 331, 134, 'R', 1100),
(1662, 270, 262, 402, 122, 254, 187, 331, 136, 'R', 1100),
(1663, 271, 263, 401, 123, 253, 187, 331, 134, 'R', 1100),
(1664, 272, 262, 402, 123, 253, 187, 331, 135, 'R', 1100),
(1665, 273, 261, 401, 118, 248, 182, 330, 135, 'R', 1100),
(1666, 274, 261, 401, 118, 248, 182, 330, 135, 'R', 1100),
(1667, 275, 262, 402, 119, 249, 183, 331, 135, 'R', 1100),
(1668, 276, 262, 402, 119, 249, 183, 331, 135, 'R', 1100),
(1669, 277, 260, 402, 119, 249, 183, 330, 136, 'R', 1100),
(1670, 278, 260, 402, 118, 250, 183, 330, 137, 'R', 1100),
(1671, 279, 260, 402, 119, 249, 183, 330, 136, 'R', 1100),
(1672, 280, 260, 402, 118, 250, 183, 330, 137, 'R', 1100),
(1673, 281, 260, 402, 118, 250, 183, 330, 137, 'R', 1100),
(1674, 282, 260, 404, 119, 249, 183, 331, 137, 'R', 1100),
(1675, 283, 260, 404, 118, 250, 183, 331, 138, 'R', 1100),
(1676, 284, 259, 403, 118, 250, 183, 330, 138, 'R', 1100),
(1677, 285, 259, 403, 117, 249, 182, 330, 138, 'R', 1100),
(1678, 286, 259, 403, 117, 249, 182, 330, 138, 'R', 1100),
(1679, 287, 259, 403, 117, 249, 182, 330, 138, 'R', 1100),
(1680, 288, 259, 403, 118, 248, 182, 330, 137, 'R', 1100),
(1681, 289, 258, 402, 118, 250, 183, 329, 138, 'R', 1100),
(1682, 290, 256, 402, 118, 250, 183, 328, 139, 'R', 1100),
(1683, 291, 257, 401, 118, 250, 183, 328, 138, 'R', 1100),
(1684, 292, 256, 402, 118, 250, 183, 328, 139, 'R', 1100),
(1685, 293, 256, 402, 118, 252, 184, 328, 140, 'R', 1100),
(1686, 294, 258, 402, 118, 250, 183, 329, 138, 'R', 1100),
(1687, 295, 258, 402, 118, 252, 184, 329, 139, 'R', 1100),
(1688, 296, 258, 404, 118, 252, 184, 330, 140, 'R', 1100),
(1689, 297, 258, 404, 118, 252, 184, 330, 140, 'R', 1100),
(1690, 298, 258, 404, 118, 254, 185, 330, 141, 'R', 1100),
(1691, 299, 258, 404, 118, 254, 185, 330, 141, 'R', 1100),
(1692, 300, 258, 404, 118, 254, 185, 330, 141, 'R', 1100),
(1693, 301, 258, 404, 118, 254, 185, 330, 141, 'R', 1100),
(1694, 302, 258, 404, 119, 255, 186, 330, 141, 'R', 1100),
(1695, 303, 258, 404, 119, 255, 186, 330, 141, 'R', 1100),
(1696, 304, 257, 403, 121, 257, 188, 329, 141, 'R', 1100),
(1697, 305, 258, 404, 123, 259, 190, 330, 141, 'R', 1100),
(1698, 306, 257, 405, 123, 259, 190, 330, 142, 'R', 1100),
(1699, 307, 257, 405, 123, 259, 190, 330, 142, 'R', 1100),
(1700, 308, 257, 405, 123, 259, 190, 330, 142, 'R', 1100),
(1701, 309, 257, 403, 117, 253, 184, 329, 141, 'R', 1100),
(1702, 310, 255, 403, 117, 253, 184, 328, 142, 'R', 1100),
(1703, 311, 255, 403, 117, 253, 184, 328, 142, 'R', 1100),
(1704, 312, 255, 403, 118, 254, 185, 328, 142, 'R', 1100),
(1705, 313, 257, 403, 118, 254, 185, 329, 141, 'R', 1100),
(1706, 314, 255, 403, 118, 254, 185, 328, 142, 'R', 1100),
(1707, 315, 256, 404, 118, 254, 185, 329, 142, 'R', 1100),
(1708, 316, 256, 404, 118, 256, 186, 329, 143, 'R', 1100),
(1709, 317, 258, 406, 135, 275, 204, 331, 144, 'R', 1100),
(1710, 318, 258, 406, 134, 274, 203, 331, 144, 'R', 1100),
(1711, 319, 258, 406, 134, 274, 203, 331, 144, 'R', 1100),
(1712, 320, 258, 406, 134, 274, 203, 331, 144, 'R', 1100),
(1713, 321, 258, 406, 134, 274, 203, 331, 144, 'R', 1100),
(1714, 322, 258, 406, 129, 267, 197, 331, 143, 'R', 1100),
(1715, 323, 258, 406, 128, 268, 197, 331, 144, 'R', 1100),
(1716, 324, 258, 406, 130, 268, 198, 331, 143, 'R', 1100),
(1717, 325, 258, 406, 129, 269, 198, 331, 144, 'R', 1100),
(1718, 326, 258, 406, 129, 269, 198, 331, 144, 'R', 1100),
(1719, 327, 259, 407, 129, 269, 198, 332, 144, 'R', 1100),
(1720, 328, 257, 405, 119, 257, 187, 330, 143, 'R', 1100),
(1721, 329, 256, 406, 117, 255, 185, 330, 144, 'R', 1100),
(1722, 330, 255, 405, 117, 255, 185, 329, 144, 'R', 1100),
(1723, 331, 256, 406, 116, 256, 185, 330, 145, 'R', 1100),
(1724, 332, 254, 404, 116, 254, 184, 328, 144, 'R', 1100),
(1725, 333, 255, 405, 116, 256, 185, 329, 145, 'R', 1100),
(1726, 334, 255, 405, 116, 254, 184, 329, 144, 'R', 1100),
(1727, 335, 255, 405, 116, 256, 185, 329, 145, 'R', 1100),
(1728, 336, 255, 405, 116, 256, 185, 329, 145, 'R', 1100),
(1729, 337, 254, 404, 116, 256, 185, 328, 145, 'R', 1100),
(1730, 338, 254, 404, 116, 256, 185, 328, 145, 'R', 1100),
(1731, 339, 254, 404, 116, 256, 185, 328, 145, 'R', 1100),
(1732, 340, 254, 404, 116, 256, 185, 328, 145, 'R', 1100),
(1733, 341, 254, 404, 116, 256, 185, 328, 145, 'R', 1100),
(1734, 342, 254, 404, 116, 256, 185, 328, 145, 'R', 1100),
(1735, 343, 254, 406, 116, 256, 185, 329, 146, 'R', 1100),
(1736, 344, 254, 406, 116, 256, 185, 329, 146, 'R', 1100),
(1737, 345, 254, 406, 116, 256, 185, 329, 146, 'R', 1100),
(1738, 346, 254, 406, 116, 256, 185, 329, 146, 'R', 1100),
(1739, 347, 254, 406, 117, 257, 186, 329, 146, 'R', 1100),
(1740, 348, 254, 406, 117, 257, 186, 329, 146, 'R', 1100),
(1741, 349, 254, 406, 117, 257, 186, 329, 146, 'R', 1100),
(1742, 350, 256, 406, 117, 257, 186, 330, 145, 'R', 1100),
(1743, 351, 256, 406, 117, 257, 186, 330, 145, 'R', 1100),
(1744, 352, 256, 406, 117, 257, 186, 330, 145, 'R', 1100),
(1745, 353, 256, 406, 118, 258, 187, 330, 145, 'R', 1100),
(1746, 354, 256, 406, 118, 258, 187, 330, 145, 'R', 1100),
(1747, 355, 255, 407, 118, 258, 187, 330, 146, 'R', 1100),
(1748, 356, 254, 404, 111, 249, 179, 328, 144, 'R', 1100),
(1749, 357, 254, 404, 112, 250, 180, 328, 144, 'R', 1100),
(1750, 358, 254, 404, 112, 250, 180, 328, 144, 'R', 1100),
(1751, 359, 254, 404, 112, 250, 180, 328, 144, 'R', 1100),
(1752, 360, 254, 404, 112, 250, 180, 328, 144, 'R', 1100),
(1753, 361, 253, 405, 112, 250, 180, 328, 145, 'R', 1100),
(1754, 362, 254, 404, 112, 250, 180, 328, 144, 'R', 1100),
(1755, 363, 254, 404, 112, 250, 180, 328, 144, 'R', 1100),
(1756, 364, 254, 404, 112, 252, 181, 328, 145, 'R', 1100),
(1757, 365, 253, 405, 121, 261, 190, 328, 146, 'R', 1100),
(1758, 366, 253, 405, 122, 262, 191, 328, 146, 'R', 1100),
(1759, 367, 269, 403, 125, 265, 194, 335, 137, 'R', 1100),
(1760, 368, 308, 398, 138, 276, 206, 352, 114, 'R', 1100),
(1761, 369, 330, 394, 161, 293, 226, 361, 98, 'R', 1100),
(1762, 370, 322, 394, 178, 316, 246, 357, 105, 'R', 1100),
(1763, 371, 308, 396, 203, 335, 268, 351, 110, 'R', 1100),
(1764, 372, 295, 397, 204, 344, 273, 345, 121, 'R', 1100),
(1765, 373, 285, 397, 187, 329, 257, 340, 127, 'R', 1100),
(1766, 374, 278, 398, 161, 301, 230, 337, 130, 'R', 1100),
(1767, 375, 271, 397, 140, 282, 210, 333, 134, 'R', 1100),
(1768, 376, 265, 399, 139, 281, 209, 331, 138, 'R', 1100),
(1769, 377, 262, 400, 139, 281, 209, 330, 140, 'R', 1100),
(1770, 378, 260, 400, 139, 281, 209, 329, 141, 'R', 1100),
(1771, 379, 259, 401, 141, 281, 210, 329, 141, 'R', 1100),
(1772, 380, 257, 401, 141, 281, 210, 328, 142, 'R', 1100),
(1773, 381, 255, 403, 141, 281, 210, 328, 144, 'R', 1100),
(1774, 382, 254, 402, 139, 281, 209, 327, 145, 'R', 1100),
(1775, 383, 254, 404, 141, 281, 210, 328, 145, 'R', 1100),
(1776, 384, 263, 401, 139, 279, 208, 331, 139, 'R', 1100),
(1777, 385, 368, 394, 170, 244, 206, 380, 50, 'R', 1100),
(1778, 388, 330, 386, 117, 215, 165, 357, 77, 'R', 1100),
(1779, 389, 299, 389, 110, 244, 176, 343, 112, 'R', 1100),
(1780, 390, 281, 391, 109, 245, 176, 335, 123, 'R', 1100),
(1781, 391, 270, 394, 108, 246, 176, 331, 131, 'R', 1100),
(1782, 392, 263, 395, 108, 246, 176, 328, 135, 'R', 1100),
(1783, 393, 259, 395, 109, 247, 177, 326, 137, 'R', 1100),
(1784, 394, 258, 396, 109, 247, 177, 326, 138, 'R', 1100),
(1785, 395, 257, 397, 109, 247, 177, 326, 139, 'R', 1100),
(1786, 396, 255, 397, 109, 247, 177, 325, 140, 'R', 1100),
(1787, 397, 254, 398, 110, 248, 178, 325, 141, 'R', 1100),
(1788, 398, 254, 398, 109, 247, 177, 325, 141, 'R', 1100),
(1789, 399, 252, 398, 109, 247, 177, 324, 142, 'R', 1100),
(1790, 400, 252, 398, 109, 247, 177, 324, 142, 'R', 1100),
(1791, 401, 252, 398, 109, 247, 177, 324, 142, 'R', 1100),
(1792, 402, 252, 398, 109, 247, 177, 324, 142, 'R', 1100),
(1793, 403, 251, 399, 109, 247, 177, 324, 143, 'R', 1100),
(1794, 404, 251, 399, 109, 247, 177, 324, 143, 'R', 1100),
(1795, 405, 251, 399, 109, 247, 177, 324, 143, 'R', 1100),
(1796, 406, 251, 399, 109, 247, 177, 324, 143, 'R', 1100),
(1797, 407, 250, 400, 109, 247, 177, 324, 144, 'R', 1100),
(1798, 408, 250, 400, 109, 247, 177, 324, 144, 'R', 1100),
(1799, 409, 250, 400, 110, 248, 178, 324, 144, 'R', 1100),
(1800, 410, 250, 400, 110, 248, 178, 324, 144, 'R', 1100),
(1801, 411, 251, 401, 110, 248, 178, 325, 144, 'R', 1100),
(1802, 412, 251, 401, 117, 257, 186, 325, 145, 'R', 1100),
(1803, 413, 252, 402, 118, 258, 187, 326, 145, 'R', 1100),
(1804, 414, 251, 403, 118, 258, 187, 326, 146, 'R', 1100),
(1805, 415, 252, 402, 119, 257, 187, 326, 144, 'R', 1100),
(1806, 416, 251, 403, 119, 257, 187, 326, 145, 'R', 1100),
(1807, 417, 251, 403, 119, 257, 187, 326, 145, 'R', 1100),
(1808, 418, 251, 403, 119, 257, 187, 326, 145, 'R', 1100),
(1809, 419, 251, 403, 119, 257, 187, 326, 145, 'R', 1100),
(1810, 420, 252, 402, 118, 258, 187, 326, 145, 'R', 1100),
(1811, 421, 252, 402, 118, 258, 187, 326, 145, 'R', 1100),
(1812, 422, 252, 402, 118, 258, 187, 326, 145, 'R', 1100),
(1813, 423, 252, 402, 118, 258, 187, 326, 145, 'R', 1100),
(1814, 424, 251, 403, 118, 258, 187, 326, 146, 'R', 1100),
(1815, 425, 251, 403, 118, 258, 187, 326, 146, 'R', 1100),
(1816, 426, 252, 402, 120, 258, 188, 326, 144, 'R', 1100),
(1817, 427, 252, 404, 119, 259, 188, 327, 146, 'R', 1100),
(1818, 428, 252, 404, 119, 259, 188, 327, 146, 'R', 1100),
(1819, 429, 252, 402, 114, 252, 182, 326, 144, 'R', 1100),
(1820, 430, 250, 402, 114, 252, 182, 325, 145, 'R', 1100),
(1821, 431, 250, 402, 113, 253, 182, 325, 146, 'R', 1100),
(1822, 432, 250, 402, 113, 253, 182, 325, 146, 'R', 1100),
(1823, 433, 250, 400, 113, 253, 182, 324, 145, 'R', 1100),
(1824, 434, 250, 400, 114, 252, 182, 324, 144, 'R', 1100),
(1825, 435, 250, 400, 113, 253, 182, 324, 145, 'R', 1100),
(1826, 436, 250, 400, 113, 251, 181, 324, 144, 'R', 1100),
(1827, 437, 250, 400, 113, 253, 182, 324, 145, 'R', 1100),
(1828, 438, 250, 402, 113, 253, 182, 325, 146, 'R', 1100),
(1829, 439, 250, 400, 113, 253, 182, 324, 145, 'R', 1100),
(1830, 440, 250, 402, 113, 253, 182, 325, 146, 'R', 1100),
(1831, 441, 250, 402, 113, 253, 182, 325, 146, 'R', 1100),
(1832, 442, 250, 402, 113, 253, 182, 325, 146, 'R', 1100),
(1833, 443, 252, 402, 113, 253, 182, 326, 145, 'R', 1100),
(1834, 444, 250, 402, 113, 253, 182, 325, 146, 'R', 1100),
(1835, 445, 252, 402, 113, 253, 182, 326, 145, 'R', 1100),
(1836, 446, 251, 403, 113, 253, 182, 326, 146, 'R', 1100),
(1837, 447, 251, 403, 113, 253, 182, 326, 146, 'R', 1100),
(1838, 448, 251, 403, 113, 253, 182, 326, 146, 'R', 1100),
(1839, 449, 252, 402, 113, 253, 182, 326, 145, 'R', 1100),
(1840, 450, 252, 402, 114, 254, 183, 326, 145, 'R', 1100),
(1841, 1890, 252, 416, 118, 272, 194, 333, 159, 'B', 1100),
(1842, 1891, 252, 416, 118, 272, 194, 333, 159, 'B', 1100),
(1843, 1892, 252, 416, 118, 272, 194, 333, 159, 'B', 1100),
(1844, 1893, 252, 416, 118, 272, 194, 333, 159, 'B', 1100),
(1845, 1894, 252, 416, 118, 272, 194, 333, 159, 'B', 1100),
(1846, 1895, 253, 417, 118, 272, 194, 334, 159, 'B', 1100),
(1847, 1896, 252, 416, 118, 272, 194, 333, 159, 'B', 1100),
(1848, 1897, 254, 418, 118, 272, 194, 335, 159, 'B', 1100),
(1849, 1898, 254, 418, 118, 272, 194, 335, 159, 'B', 1100),
(1850, 1899, 254, 418, 118, 272, 194, 335, 159, 'B', 1100),
(1851, 1900, 252, 418, 118, 272, 194, 334, 160, 'B', 1100),
(1852, 1901, 252, 418, 118, 272, 194, 334, 160, 'B', 1100),
(1853, 1902, 252, 418, 118, 274, 195, 334, 161, 'B', 1100),
(1854, 1903, 252, 418, 118, 274, 195, 334, 161, 'B', 1100),
(1855, 1904, 253, 419, 118, 274, 195, 335, 161, 'B', 1100),
(1856, 1905, 253, 419, 118, 274, 195, 335, 161, 'B', 1100),
(1857, 1906, 253, 419, 118, 274, 195, 335, 161, 'B', 1100),
(1858, 1907, 253, 419, 118, 274, 195, 335, 161, 'B', 1100),
(1859, 1908, 253, 419, 118, 274, 195, 335, 161, 'B', 1100),
(1860, 1909, 253, 419, 118, 274, 195, 335, 161, 'B', 1100),
(1861, 1910, 253, 419, 118, 274, 195, 335, 161, 'B', 1100),
(1862, 1911, 254, 420, 119, 273, 195, 336, 160, 'B', 1100),
(1863, 1912, 254, 420, 119, 275, 196, 336, 161, 'B', 1100),
(1864, 1913, 254, 420, 119, 273, 195, 336, 160, 'B', 1100),
(1865, 1914, 254, 420, 118, 274, 195, 336, 161, 'B', 1100),
(1866, 1915, 254, 420, 119, 275, 196, 336, 161, 'B', 1100),
(1867, 1916, 253, 419, 111, 267, 188, 335, 161, 'B', 1100),
(1868, 1917, 253, 419, 112, 268, 189, 335, 161, 'B', 1100),
(1869, 1918, 253, 419, 113, 269, 190, 335, 161, 'B', 1100),
(1870, 1919, 253, 419, 112, 268, 189, 335, 161, 'B', 1100),
(1871, 1920, 253, 419, 112, 268, 189, 335, 161, 'B', 1100),
(1872, 1921, 253, 419, 113, 269, 190, 335, 161, 'B', 1100),
(1873, 1922, 253, 419, 112, 268, 189, 335, 161, 'B', 1100),
(1874, 1923, 254, 420, 111, 267, 188, 336, 161, 'B', 1100),
(1875, 1924, 254, 420, 113, 269, 190, 336, 161, 'B', 1100),
(1876, 1925, 254, 420, 113, 269, 190, 336, 161, 'B', 1100),
(1877, 1926, 254, 420, 113, 269, 190, 336, 161, 'B', 1100),
(1878, 1927, 254, 420, 113, 269, 190, 336, 161, 'B', 1100),
(1879, 1928, 254, 420, 113, 269, 190, 336, 161, 'B', 1100),
(1880, 1929, 256, 420, 114, 268, 190, 337, 159, 'B', 1100),
(1881, 1930, 255, 421, 113, 269, 190, 337, 161, 'B', 1100),
(1882, 1931, 256, 420, 114, 268, 190, 337, 159, 'B', 1100),
(1883, 1932, 255, 421, 114, 268, 190, 337, 160, 'B', 1100),
(1884, 1933, 255, 421, 114, 268, 190, 337, 160, 'B', 1100),
(1885, 1934, 256, 420, 114, 268, 190, 337, 159, 'B', 1100),
(1886, 1935, 256, 420, 114, 268, 190, 337, 159, 'B', 1100),
(1887, 1936, 256, 420, 114, 268, 190, 337, 159, 'B', 1100),
(1888, 1937, 256, 420, 114, 268, 190, 337, 159, 'B', 1100),
(1889, 1938, 257, 421, 114, 268, 190, 338, 159, 'B', 1100),
(1890, 1939, 257, 421, 114, 268, 190, 338, 159, 'B', 1100),
(1891, 1940, 257, 421, 114, 268, 190, 338, 159, 'B', 1100),
(1892, 1941, 257, 421, 114, 268, 190, 338, 159, 'B', 1100),
(1893, 1942, 257, 421, 114, 268, 190, 338, 159, 'B', 1100),
(1894, 1943, 257, 421, 114, 268, 190, 338, 159, 'B', 1100),
(1895, 1944, 257, 421, 114, 268, 190, 338, 159, 'B', 1100),
(1896, 1945, 257, 421, 114, 268, 190, 338, 159, 'B', 1100),
(1897, 1946, 259, 421, 114, 268, 190, 339, 158, 'B', 1100),
(1898, 1947, 259, 421, 114, 270, 191, 339, 159, 'B', 1100),
(1899, 1948, 258, 422, 114, 270, 191, 339, 160, 'B', 1100),
(1900, 1949, 258, 422, 114, 268, 190, 339, 159, 'B', 1100),
(1901, 1950, 259, 421, 114, 268, 190, 339, 158, 'B', 1100),
(1902, 1951, 259, 421, 114, 268, 190, 339, 158, 'B', 1100),
(1903, 1952, 259, 421, 114, 268, 190, 339, 158, 'B', 1100),
(1904, 1953, 258, 422, 114, 268, 190, 339, 159, 'B', 1100),
(1905, 1954, 259, 421, 113, 267, 189, 339, 158, 'B', 1100),
(1906, 1955, 259, 421, 113, 269, 190, 339, 159, 'B', 1100),
(1907, 1956, 259, 421, 114, 268, 190, 339, 158, 'B', 1100),
(1908, 1957, 259, 421, 114, 268, 190, 339, 158, 'B', 1100),
(1909, 1958, 259, 421, 114, 268, 190, 339, 158, 'B', 1100),
(1910, 1959, 258, 422, 114, 268, 190, 339, 159, 'B', 1100),
(1911, 1960, 259, 421, 114, 268, 190, 339, 158, 'B', 1100),
(1912, 1961, 259, 421, 114, 268, 190, 339, 158, 'B', 1100),
(1913, 1962, 259, 421, 114, 268, 190, 339, 158, 'B', 1100),
(1914, 1963, 258, 422, 114, 268, 190, 339, 159, 'B', 1100),
(1915, 1964, 259, 421, 114, 268, 190, 339, 158, 'B', 1100),
(1916, 1965, 258, 422, 114, 270, 191, 339, 160, 'B', 1100),
(1917, 1966, 258, 422, 114, 270, 191, 339, 160, 'B', 1100),
(1918, 1967, 258, 422, 114, 270, 191, 339, 160, 'B', 1100),
(1919, 1968, 258, 422, 114, 270, 191, 339, 160, 'B', 1100),
(1920, 1969, 258, 422, 114, 268, 190, 339, 159, 'B', 1100),
(1921, 1970, 258, 422, 114, 270, 191, 339, 160, 'B', 1100),
(1922, 1971, 258, 422, 115, 269, 191, 339, 159, 'B', 1100),
(1923, 1972, 258, 422, 115, 269, 191, 339, 159, 'B', 1100),
(1924, 1973, 258, 422, 115, 269, 191, 339, 159, 'B', 1100),
(1925, 1974, 258, 422, 115, 269, 191, 339, 159, 'B', 1100),
(1926, 1975, 258, 422, 115, 269, 191, 339, 159, 'B', 1100),
(1927, 1976, 258, 422, 115, 269, 191, 339, 159, 'B', 1100),
(1928, 1977, 258, 422, 115, 269, 191, 339, 159, 'B', 1100),
(1929, 1978, 258, 422, 115, 271, 192, 339, 160, 'B', 1100),
(1930, 1979, 258, 422, 115, 271, 192, 339, 160, 'B', 1100),
(1931, 1980, 258, 422, 115, 271, 192, 339, 160, 'B', 1100),
(1932, 1981, 259, 421, 115, 269, 191, 339, 158, 'B', 1100),
(1933, 1982, 258, 422, 115, 271, 192, 339, 160, 'B', 1100),
(1934, 1983, 259, 417, 117, 269, 192, 337, 155, 'B', 1100),
(1935, 1984, 258, 418, 118, 268, 192, 337, 155, 'B', 1100),
(1936, 1985, 258, 414, 117, 269, 192, 335, 154, 'B', 1100),
(1937, 1986, 259, 413, 117, 269, 192, 335, 153, 'B', 1100),
(1938, 1987, 256, 416, 115, 271, 192, 335, 158, 'B', 1100),
(1939, 1988, 259, 415, 116, 270, 192, 336, 155, 'B', 1100),
(1940, 1989, 256, 416, 118, 268, 192, 335, 155, 'B', 1100),
(1941, 1990, 260, 412, 118, 266, 191, 335, 150, 'B', 1100),
(1942, 1991, 262, 410, 120, 264, 191, 335, 146, 'B', 1100),
(1943, 1992, 264, 408, 123, 263, 192, 335, 142, 'B', 1100),
(1944, 1993, 266, 406, 123, 261, 191, 335, 139, 'B', 1100),
(1945, 1994, 268, 404, 125, 259, 191, 335, 135, 'B', 1100),
(1946, 1995, 269, 403, 127, 257, 191, 335, 132, 'B', 1100),
(1947, 1996, 270, 402, 128, 256, 191, 335, 130, 'B', 1100),
(1948, 1997, 271, 399, 129, 255, 191, 334, 127, 'B', 1100),
(1949, 1998, 275, 397, 132, 252, 191, 335, 121, 'B', 1100),
(1950, 1999, 276, 396, 132, 250, 190, 335, 119, 'B', 1100),
(1951, 2000, 277, 395, 134, 250, 191, 335, 117, 'B', 1100),
(1952, 2001, 274, 394, 133, 253, 192, 333, 120, 'B', 1100),
(1953, 2002, 275, 393, 136, 248, 191, 333, 115, 'B', 1100),
(1954, 2003, 278, 392, 136, 244, 189, 334, 111, 'B', 1100),
(1955, 2004, 279, 391, 137, 245, 190, 334, 110, 'B', 1100),
(1956, 2005, 281, 391, 137, 243, 189, 335, 108, 'B', 1100),
(1957, 2006, 281, 389, 138, 244, 190, 334, 107, 'B', 1100),
(1958, 2007, 284, 388, 138, 242, 189, 335, 104, 'B', 1100),
(1959, 2008, 286, 388, 138, 242, 189, 336, 103, 'B', 1100),
(1960, 2009, 287, 389, 139, 241, 189, 337, 102, 'B', 1100),
(1961, 2010, 285, 387, 140, 240, 189, 335, 101, 'B', 1100),
(1962, 2011, 285, 387, 141, 241, 190, 335, 101, 'B', 1100),
(1963, 2012, 286, 386, 140, 238, 188, 335, 99, 'B', 1100),
(1964, 2013, 285, 389, 140, 238, 188, 336, 101, 'B', 1100),
(1965, 2014, 289, 387, 140, 236, 187, 337, 97, 'B', 1100),
(1966, 2015, 289, 387, 140, 236, 187, 337, 97, 'B', 1100),
(1967, 2016, 289, 387, 142, 236, 188, 337, 96, 'B', 1100),
(1968, 2017, 290, 386, 142, 234, 187, 337, 94, 'B', 1100),
(1969, 2018, 291, 387, 143, 235, 188, 338, 94, 'B', 1100),
(1970, 2019, 290, 386, 143, 233, 187, 337, 93, 'B', 1100),
(1971, 2020, 290, 386, 143, 233, 187, 337, 93, 'B', 1100),
(1972, 2021, 290, 386, 144, 234, 188, 337, 93, 'B', 1100),
(1973, 2022, 292, 386, 144, 234, 188, 338, 92, 'B', 1100),
(1974, 2023, 291, 385, 143, 233, 187, 337, 92, 'B', 1100),
(1975, 2024, 291, 385, 143, 233, 187, 337, 92, 'B', 1100),
(1976, 2025, 291, 385, 143, 233, 187, 337, 92, 'B', 1100),
(1977, 2026, 291, 385, 144, 232, 187, 337, 91, 'B', 1100),
(1978, 2027, 291, 385, 141, 231, 185, 337, 92, 'B', 1100),
(1979, 2028, 292, 386, 141, 231, 185, 338, 92, 'B', 1100),
(1980, 2029, 291, 385, 141, 231, 185, 337, 92, 'B', 1100),
(1981, 2030, 290, 386, 141, 231, 185, 337, 93, 'B', 1100),
(1982, 2031, 290, 386, 140, 232, 185, 337, 94, 'B', 1100),
(1983, 2032, 290, 386, 140, 232, 185, 337, 94, 'B', 1100),
(1984, 2033, 289, 387, 145, 239, 191, 337, 96, 'B', 1100),
(1985, 2034, 287, 387, 144, 240, 191, 336, 98, 'B', 1100),
(1986, 2035, 287, 389, 142, 240, 190, 337, 100, 'B', 1100),
(1987, 2036, 287, 389, 141, 239, 189, 337, 100, 'B', 1100),
(1988, 2037, 286, 390, 137, 237, 186, 337, 102, 'B', 1100),
(1989, 2038, 285, 391, 136, 238, 186, 337, 104, 'B', 1100),
(1990, 2039, 285, 391, 136, 238, 186, 337, 104, 'B', 1100),
(1991, 2040, 285, 393, 135, 239, 186, 338, 106, 'B', 1100),
(1992, 2041, 283, 393, 134, 240, 186, 337, 108, 'B', 1100),
(1993, 2042, 282, 394, 134, 240, 186, 337, 109, 'B', 1100),
(1994, 2043, 283, 395, 133, 241, 186, 338, 110, 'B', 1100),
(1995, 2044, 283, 395, 133, 241, 186, 338, 110, 'B', 1100),
(1996, 2045, 282, 396, 133, 241, 186, 338, 111, 'B', 1100),
(1997, 2046, 282, 396, 129, 237, 182, 338, 111, 'B', 1100),
(1998, 2047, 283, 397, 128, 238, 182, 339, 112, 'B', 1100),
(1999, 2048, 282, 398, 129, 239, 183, 339, 113, 'B', 1100),
(2000, 2049, 281, 399, 128, 238, 182, 339, 114, 'B', 1100),
(2001, 2050, 281, 399, 128, 238, 182, 339, 114, 'B', 1100),
(2002, 2051, 281, 399, 128, 240, 183, 339, 115, 'B', 1100),
(2003, 2052, 280, 400, 128, 240, 183, 339, 116, 'B', 1100),
(2004, 2053, 280, 400, 133, 247, 189, 339, 117, 'B', 1100),
(2005, 2054, 281, 401, 133, 249, 190, 340, 118, 'B', 1100),
(2006, 2055, 280, 400, 131, 247, 188, 339, 118, 'B', 1100),
(2007, 2056, 280, 400, 133, 249, 190, 339, 118, 'B', 1100),
(2008, 2057, 280, 400, 130, 246, 187, 339, 118, 'B', 1100),
(2009, 2058, 279, 401, 126, 240, 182, 339, 118, 'B', 1100),
(2010, 2059, 279, 401, 125, 241, 182, 339, 119, 'B', 1100),
(2011, 2060, 279, 401, 125, 241, 182, 339, 119, 'B', 1100),
(2012, 2061, 279, 401, 125, 241, 182, 339, 119, 'B', 1100),
(2013, 2062, 279, 401, 126, 242, 183, 339, 119, 'B', 1100),
(2014, 2063, 279, 401, 126, 242, 183, 339, 119, 'B', 1100),
(2015, 2064, 279, 401, 126, 242, 183, 339, 119, 'B', 1100),
(2016, 2065, 279, 401, 125, 243, 183, 339, 120, 'B', 1100),
(2017, 2066, 279, 401, 128, 246, 186, 339, 120, 'B', 1100),
(2018, 2067, 280, 404, 130, 248, 188, 341, 121, 'B', 1100),
(2019, 2068, 280, 404, 129, 249, 188, 341, 122, 'B', 1100),
(2020, 2069, 280, 404, 129, 249, 188, 341, 122, 'B', 1100),
(2021, 2070, 279, 405, 129, 249, 188, 341, 123, 'B', 1100),
(2022, 2071, 280, 404, 131, 251, 190, 341, 122, 'B', 1100),
(2023, 2072, 280, 404, 131, 251, 190, 341, 122, 'B', 1100),
(2024, 2073, 280, 404, 130, 250, 189, 341, 122, 'B', 1100),
(2025, 2074, 279, 405, 127, 245, 185, 341, 122, 'B', 1100),
(2026, 2075, 279, 405, 126, 246, 185, 341, 123, 'B', 1100),
(2027, 2076, 279, 405, 126, 246, 185, 341, 123, 'B', 1100),
(2028, 2077, 279, 405, 126, 246, 185, 341, 123, 'B', 1100),
(2029, 2078, 279, 405, 127, 247, 186, 341, 123, 'B', 1100),
(2030, 2079, 278, 406, 131, 253, 191, 341, 125, 'B', 1100),
(2031, 2080, 279, 405, 133, 253, 192, 341, 123, 'B', 1100),
(2032, 2081, 278, 406, 131, 253, 191, 341, 125, 'B', 1100),
(2033, 2082, 278, 406, 131, 253, 191, 341, 125, 'B', 1100),
(2034, 2083, 278, 406, 127, 247, 186, 341, 124, 'B', 1100),
(2035, 2084, 278, 406, 127, 247, 186, 341, 124, 'B', 1100),
(2036, 2085, 278, 406, 127, 247, 186, 341, 124, 'B', 1100),
(2037, 2086, 278, 406, 127, 247, 186, 341, 124, 'B', 1100),
(2038, 2087, 278, 406, 126, 248, 186, 341, 125, 'B', 1100),
(2039, 2088, 278, 406, 131, 255, 192, 341, 126, 'B', 1100),
(2040, 2089, 277, 407, 131, 255, 192, 341, 127, 'B', 1100),
(2041, 2090, 278, 406, 131, 255, 192, 341, 126, 'B', 1100),
(2042, 2091, 278, 406, 132, 256, 193, 341, 126, 'B', 1100),
(2043, 2092, 277, 407, 131, 255, 192, 341, 127, 'B', 1100),
(2044, 2093, 277, 405, 124, 246, 184, 340, 125, 'B', 1100),
(2045, 2094, 278, 406, 126, 246, 185, 341, 124, 'B', 1100),
(2046, 2095, 278, 406, 125, 247, 185, 341, 125, 'B', 1100),
(2047, 2096, 278, 406, 127, 247, 186, 341, 124, 'B', 1100),
(2048, 2097, 278, 406, 127, 247, 186, 341, 124, 'B', 1100),
(2049, 2098, 278, 406, 126, 248, 186, 341, 125, 'B', 1100),
(2050, 2099, 277, 407, 127, 249, 187, 341, 126, 'B', 1100),
(2051, 2100, 277, 407, 127, 249, 187, 341, 126, 'B', 1100),
(2052, 2101, 278, 406, 133, 255, 193, 341, 125, 'B', 1100),
(2053, 2102, 277, 407, 133, 257, 194, 341, 127, 'B', 1100),
(2054, 2103, 277, 407, 133, 257, 194, 341, 127, 'B', 1100),
(2055, 2104, 278, 408, 133, 257, 194, 342, 127, 'B', 1100),
(2056, 2105, 278, 408, 133, 257, 194, 342, 127, 'B', 1100),
(2057, 2106, 278, 408, 133, 257, 194, 342, 127, 'B', 1100),
(2058, 2107, 278, 408, 127, 251, 188, 342, 127, 'B', 1100),
(2059, 2108, 278, 410, 126, 252, 188, 343, 129, 'B', 1100),
(2060, 2109, 278, 410, 126, 252, 188, 343, 129, 'B', 1100),
(2061, 2110, 278, 410, 127, 253, 189, 343, 129, 'B', 1100),
(2062, 2111, 278, 410, 126, 252, 188, 343, 129, 'B', 1100),
(2063, 2112, 278, 410, 127, 253, 189, 343, 129, 'B', 1100),
(2064, 2113, 278, 410, 130, 258, 193, 343, 130, 'B', 1100),
(2065, 2114, 278, 410, 133, 261, 196, 343, 130, 'B', 1100),
(2066, 2115, 279, 411, 133, 261, 196, 344, 130, 'B', 1100),
(2067, 2116, 279, 411, 133, 261, 196, 344, 130, 'B', 1100),
(2068, 2117, 279, 413, 129, 257, 192, 345, 131, 'B', 1100),
(2069, 2118, 278, 410, 124, 252, 187, 343, 130, 'B', 1100),
(2070, 2119, 276, 408, 125, 253, 188, 341, 130, 'B', 1100),
(2071, 2120, 276, 408, 127, 255, 190, 341, 130, 'B', 1100),
(2072, 2121, 276, 408, 127, 255, 190, 341, 130, 'B', 1100),
(2073, 2122, 277, 407, 129, 255, 191, 341, 128, 'B', 1100),
(2074, 2123, 274, 406, 129, 257, 192, 339, 130, 'B', 1100),
(2075, 2124, 274, 406, 134, 260, 196, 339, 129, 'B', 1100),
(2076, 2125, 275, 407, 135, 263, 198, 340, 130, 'B', 1100),
(2077, 2126, 273, 407, 135, 263, 198, 339, 131, 'B', 1100),
(2078, 2127, 273, 407, 134, 262, 197, 339, 131, 'B', 1100),
(2079, 2128, 273, 407, 132, 260, 195, 339, 131, 'B', 1100),
(2080, 2129, 273, 407, 127, 255, 190, 339, 131, 'B', 1100),
(2081, 2130, 273, 407, 128, 256, 191, 339, 131, 'B', 1100),
(2082, 2131, 273, 407, 128, 256, 191, 339, 131, 'B', 1100),
(2083, 2132, 273, 407, 128, 256, 191, 339, 131, 'B', 1100),
(2084, 2133, 273, 407, 128, 256, 191, 339, 131, 'B', 1100),
(2085, 2134, 273, 407, 129, 257, 192, 339, 131, 'B', 1100),
(2086, 2135, 273, 407, 129, 257, 192, 339, 131, 'B', 1100),
(2087, 2136, 270, 406, 133, 261, 196, 337, 132, 'B', 1100),
(2088, 2137, 270, 406, 133, 261, 196, 337, 132, 'B', 1100),
(2089, 2138, 270, 406, 133, 261, 196, 337, 132, 'B', 1100),
(2090, 2139, 267, 401, 128, 258, 192, 333, 132, 'B', 1100),
(2091, 2140, 264, 400, 122, 250, 185, 331, 132, 'B', 1100),
(2092, 2141, 261, 397, 119, 247, 182, 328, 132, 'B', 1100),
(2093, 2142, 257, 393, 119, 247, 182, 324, 132, 'B', 1100),
(2094, 2143, 255, 391, 119, 245, 181, 322, 131, 'B', 1100),
(2095, 2144, 255, 391, 118, 246, 181, 322, 132, 'B', 1100),
(2096, 2145, 255, 391, 119, 247, 182, 322, 132, 'B', 1100),
(2097, 2146, 255, 391, 119, 247, 182, 322, 132, 'B', 1100),
(2098, 2147, 255, 391, 124, 254, 188, 322, 133, 'B', 1100),
(2099, 2148, 254, 392, 127, 257, 191, 322, 134, 'B', 1100),
(2100, 2149, 255, 393, 128, 258, 192, 323, 134, 'B', 1100),
(2101, 2150, 255, 393, 126, 256, 190, 323, 134, 'B', 1100),
(2102, 2151, 255, 391, 121, 249, 184, 322, 132, 'B', 1100),
(2103, 2152, 255, 391, 122, 250, 185, 322, 132, 'B', 1100),
(2104, 2153, 255, 391, 122, 250, 185, 322, 132, 'B', 1100),
(2105, 2154, 256, 392, 122, 250, 185, 323, 132, 'B', 1100),
(2106, 2155, 257, 393, 123, 251, 186, 324, 132, 'B', 1100),
(2107, 2156, 255, 393, 123, 253, 187, 323, 134, 'B', 1100),
(2108, 2157, 256, 394, 131, 261, 195, 324, 134, 'B', 1100),
(2109, 2158, 257, 393, 131, 259, 194, 324, 132, 'B', 1100),
(2110, 2159, 257, 393, 129, 259, 193, 324, 133, 'B', 1100),
(2111, 2160, 257, 395, 130, 258, 193, 325, 133, 'B', 1100),
(2112, 2161, 257, 393, 124, 254, 188, 324, 133, 'B', 1100),
(2113, 2162, 257, 393, 123, 253, 187, 324, 133, 'B', 1100),
(2114, 2163, 257, 395, 123, 253, 187, 325, 134, 'B', 1100),
(2115, 2164, 257, 395, 123, 253, 187, 325, 134, 'B', 1100),
(2116, 2165, 257, 395, 123, 251, 186, 325, 133, 'B', 1100),
(2117, 2166, 259, 395, 122, 252, 186, 326, 133, 'B', 1100),
(2118, 2167, 259, 395, 122, 252, 186, 326, 133, 'B', 1100),
(2119, 2168, 258, 396, 123, 253, 187, 326, 134, 'B', 1100),
(2120, 2169, 259, 397, 126, 256, 190, 327, 134, 'B', 1100),
(2121, 2170, 260, 398, 126, 256, 190, 328, 134, 'B', 1100),
(2122, 2171, 260, 398, 127, 257, 191, 328, 134, 'B', 1100),
(2123, 2172, 261, 399, 127, 257, 191, 329, 134, 'B', 1100),
(2124, 2173, 262, 400, 128, 258, 192, 330, 134, 'B', 1100),
(2125, 2174, 263, 401, 128, 258, 192, 331, 134, 'B', 1100),
(2126, 2175, 266, 402, 136, 266, 200, 333, 133, 'B', 1100),
(2127, 2176, 266, 402, 136, 266, 200, 333, 133, 'B', 1100),
(2128, 2177, 268, 404, 135, 267, 200, 335, 134, 'B', 1100),
(2129, 2178, 268, 404, 137, 267, 201, 335, 133, 'B', 1100),
(2130, 2179, 268, 404, 136, 268, 201, 335, 134, 'B', 1100),
(2131, 2180, 268, 404, 135, 265, 199, 335, 133, 'B', 1100),
(2132, 2181, 267, 405, 129, 261, 194, 335, 135, 'B', 1100),
(2133, 2182, 268, 406, 131, 261, 195, 336, 134, 'B', 1100),
(2134, 2183, 268, 406, 132, 262, 196, 336, 134, 'B', 1100),
(2135, 2184, 270, 406, 133, 263, 197, 337, 133, 'B', 1100),
(2136, 2185, 268, 406, 141, 273, 206, 336, 135, 'B', 1100),
(2137, 2186, 268, 404, 143, 275, 208, 335, 134, 'B', 1100),
(2138, 2187, 268, 404, 142, 274, 207, 335, 134, 'B', 1100),
(2139, 2188, 266, 402, 142, 274, 207, 333, 134, 'B', 1100),
(2140, 2189, 264, 402, 142, 274, 207, 332, 135, 'B', 1100),
(2141, 2190, 263, 401, 138, 270, 203, 331, 135, 'B', 1100),
(2142, 2191, 262, 400, 133, 265, 198, 330, 135, 'B', 1100),
(2143, 2192, 264, 400, 132, 264, 197, 331, 134, 'B', 1100),
(2144, 2193, 262, 400, 132, 264, 197, 330, 135, 'B', 1100),
(2145, 2194, 262, 400, 132, 264, 197, 330, 135, 'B', 1100),
(2146, 2195, 262, 400, 134, 266, 199, 330, 135, 'B', 1100),
(2147, 2196, 260, 398, 138, 274, 205, 328, 137, 'B', 1100),
(2148, 2197, 260, 398, 139, 273, 205, 328, 136, 'B', 1100),
(2149, 2198, 261, 399, 138, 274, 205, 329, 137, 'B', 1100),
(2150, 2199, 261, 399, 138, 274, 205, 329, 137, 'B', 1100),
(2151, 2200, 261, 399, 136, 272, 203, 329, 137, 'B', 1100),
(2152, 2201, 261, 399, 135, 267, 200, 329, 135, 'B', 1100),
(2153, 2202, 261, 399, 133, 265, 198, 329, 135, 'B', 1100),
(2154, 2203, 261, 399, 133, 265, 198, 329, 135, 'B', 1100),
(2155, 2204, 263, 399, 133, 265, 198, 330, 134, 'B', 1100),
(2156, 2205, 262, 398, 134, 268, 200, 329, 135, 'B', 1100),
(2157, 2206, 261, 397, 136, 272, 203, 328, 136, 'B', 1100),
(2158, 2207, 261, 399, 139, 275, 206, 329, 137, 'B', 1100),
(2159, 2208, 263, 399, 139, 275, 206, 330, 136, 'B', 1100),
(2160, 2209, 263, 399, 138, 274, 205, 330, 136, 'B', 1100),
(2161, 2210, 263, 399, 136, 272, 203, 330, 136, 'B', 1100),
(2162, 2211, 263, 399, 134, 270, 201, 330, 136, 'B', 1100),
(2163, 2212, 263, 399, 134, 270, 201, 330, 136, 'B', 1100),
(2164, 2213, 263, 399, 134, 270, 201, 330, 136, 'B', 1100),
(2165, 2214, 262, 400, 135, 271, 202, 330, 137, 'B', 1100),
(2166, 2215, 264, 400, 135, 271, 202, 331, 136, 'B', 1100),
(2167, 2216, 264, 400, 139, 275, 206, 331, 136, 'B', 1100),
(2168, 2217, 264, 400, 140, 276, 207, 331, 136, 'B', 1100),
(2169, 2218, 265, 401, 140, 276, 207, 332, 136, 'B', 1100),
(2170, 2219, 265, 401, 139, 275, 206, 332, 136, 'B', 1100),
(2171, 2220, 267, 401, 138, 274, 205, 333, 135, 'B', 1100),
(2172, 2221, 265, 401, 134, 270, 201, 332, 136, 'B', 1100),
(2173, 2222, 266, 402, 133, 267, 199, 333, 135, 'B', 1100),
(2174, 2223, 265, 401, 132, 266, 198, 332, 135, 'B', 1100),
(2175, 2224, 267, 401, 133, 267, 199, 333, 134, 'B', 1100),
(2176, 2225, 267, 401, 133, 269, 200, 333, 135, 'B', 1100),
(2177, 2226, 267, 401, 135, 271, 202, 333, 135, 'B', 1100),
(2178, 2227, 269, 403, 138, 274, 205, 335, 135, 'B', 1100),
(2179, 2228, 268, 402, 139, 275, 206, 334, 135, 'B', 1100),
(2180, 2229, 268, 402, 138, 274, 205, 334, 135, 'B', 1100),
(2181, 2230, 267, 401, 138, 274, 205, 333, 135, 'B', 1100),
(2182, 2231, 267, 401, 135, 271, 202, 333, 135, 'B', 1100),
(2183, 2232, 267, 401, 134, 268, 200, 333, 134, 'B', 1100),
(2184, 2233, 270, 400, 135, 267, 200, 334, 131, 'B', 1100),
(2185, 2234, 271, 401, 134, 268, 200, 335, 132, 'B', 1100),
(2186, 2235, 272, 400, 136, 268, 201, 335, 130, 'B', 1100),
(2187, 2236, 272, 400, 137, 269, 202, 335, 130, 'B', 1100),
(2188, 2237, 272, 400, 142, 274, 207, 335, 130, 'B', 1100),
(2189, 2238, 274, 398, 142, 276, 208, 335, 129, 'B', 1100),
(2190, 2239, 274, 400, 141, 277, 208, 336, 131, 'B', 1100),
(2191, 2240, 273, 399, 142, 276, 208, 335, 130, 'B', 1100),
(2192, 2241, 274, 398, 142, 274, 207, 335, 128, 'B', 1100),
(2193, 2242, 274, 398, 138, 272, 204, 335, 129, 'B', 1100),
(2194, 2243, 274, 398, 135, 269, 201, 335, 129, 'B', 1100),
(2195, 2244, 275, 399, 136, 268, 201, 336, 128, 'B', 1100),
(2196, 2245, 276, 398, 137, 269, 202, 336, 127, 'B', 1100),
(2197, 2246, 275, 397, 137, 269, 202, 335, 127, 'B', 1100),
(2198, 2247, 277, 399, 141, 275, 207, 337, 128, 'B', 1100),
(2199, 2248, 277, 399, 145, 277, 210, 337, 127, 'B', 1100),
(2200, 2249, 277, 399, 146, 278, 211, 337, 127, 'B', 1100),
(2201, 2250, 277, 399, 146, 278, 211, 337, 127, 'B', 1100),
(2202, 3690, 276, 436, 133, 287, 209, 355, 157, 'G', 1100),
(2203, 3691, 276, 438, 134, 288, 210, 356, 158, 'G', 1100),
(2204, 3692, 276, 438, 133, 289, 210, 356, 159, 'G', 1100),
(2205, 3693, 276, 438, 134, 288, 210, 356, 158, 'G', 1100),
(2206, 3694, 276, 438, 134, 288, 210, 356, 158, 'G', 1100),
(2207, 3695, 276, 438, 134, 288, 210, 356, 158, 'G', 1100),
(2208, 3696, 276, 438, 134, 288, 210, 356, 158, 'G', 1100),
(2209, 3697, 276, 438, 134, 288, 210, 356, 158, 'G', 1100),
(2210, 3698, 276, 438, 134, 288, 210, 356, 158, 'G', 1100),
(2211, 3699, 276, 438, 134, 288, 210, 356, 158, 'G', 1100),
(2212, 3700, 276, 438, 134, 288, 210, 356, 158, 'G', 1100),
(2213, 3701, 276, 438, 134, 290, 211, 356, 159, 'G', 1100),
(2214, 3702, 276, 438, 134, 290, 211, 356, 159, 'G', 1100),
(2215, 3703, 277, 437, 134, 290, 211, 356, 158, 'G', 1100),
(2216, 3704, 276, 438, 135, 289, 211, 356, 158, 'G', 1100),
(2217, 3705, 276, 438, 135, 291, 212, 356, 159, 'G', 1100),
(2218, 3706, 276, 438, 135, 291, 212, 356, 159, 'G', 1100),
(2219, 3707, 276, 438, 135, 291, 212, 356, 159, 'G', 1100),
(2220, 3708, 276, 438, 135, 291, 212, 356, 159, 'G', 1100),
(2221, 3709, 276, 438, 135, 291, 212, 356, 159, 'G', 1100),
(2222, 3710, 277, 437, 135, 291, 212, 356, 158, 'G', 1100),
(2223, 3711, 276, 438, 135, 291, 212, 356, 159, 'G', 1100),
(2224, 3712, 276, 438, 135, 291, 212, 356, 159, 'G', 1100),
(2225, 3713, 276, 438, 135, 291, 212, 356, 159, 'G', 1100),
(2226, 3714, 276, 438, 135, 291, 212, 356, 159, 'G', 1100),
(2227, 3715, 276, 438, 135, 291, 212, 356, 159, 'G', 1100),
(2228, 3716, 276, 438, 137, 289, 212, 356, 157, 'G', 1100),
(2229, 3717, 276, 438, 136, 290, 212, 356, 158, 'G', 1100),
(2230, 3718, 276, 438, 135, 291, 212, 356, 159, 'G', 1100),
(2231, 3719, 276, 438, 135, 291, 212, 356, 159, 'G', 1100),
(2232, 3720, 276, 438, 135, 291, 212, 356, 159, 'G', 1100),
(2233, 3721, 276, 438, 135, 291, 212, 356, 159, 'G', 1100),
(2234, 3722, 276, 438, 135, 291, 212, 356, 159, 'G', 1100),
(2235, 3723, 276, 438, 135, 291, 212, 356, 159, 'G', 1100),
(2236, 3724, 276, 438, 136, 290, 212, 356, 158, 'G', 1100),
(2237, 3725, 275, 439, 135, 291, 212, 356, 160, 'G', 1100),
(2238, 3726, 275, 439, 136, 290, 212, 356, 159, 'G', 1100),
(2239, 3727, 275, 439, 136, 290, 212, 356, 159, 'G', 1100),
(2240, 3728, 275, 439, 135, 291, 212, 356, 160, 'G', 1100),
(2241, 3729, 275, 439, 135, 291, 212, 356, 160, 'G', 1100),
(2242, 3730, 275, 439, 135, 291, 212, 356, 160, 'G', 1100),
(2243, 3731, 275, 439, 135, 291, 212, 356, 160, 'G', 1100),
(2244, 3732, 277, 437, 136, 290, 212, 356, 157, 'G', 1100),
(2245, 3733, 307, 429, 126, 278, 201, 367, 137, 'G', 1100),
(2246, 3734, 291, 427, 121, 275, 197, 358, 145, 'G', 1100),
(2247, 3735, 278, 430, 123, 275, 198, 353, 152, 'G', 1100),
(2248, 3736, 271, 431, 123, 277, 199, 350, 157, 'G', 1100),
(2249, 3737, 270, 432, 124, 278, 200, 350, 158, 'G', 1100),
(2250, 3738, 269, 433, 124, 278, 200, 350, 159, 'G', 1100),
(2251, 3739, 269, 433, 124, 280, 201, 350, 160, 'G', 1100),
(2252, 3740, 269, 433, 124, 280, 201, 350, 160, 'G', 1100),
(2253, 3741, 270, 434, 125, 279, 201, 351, 159, 'G', 1100),
(2254, 3742, 270, 434, 125, 279, 201, 351, 159, 'G', 1100),
(2255, 3743, 270, 434, 125, 281, 202, 351, 160, 'G', 1100),
(2256, 3744, 270, 434, 125, 281, 202, 351, 160, 'G', 1100),
(2257, 3745, 271, 435, 125, 281, 202, 352, 160, 'G', 1100),
(2258, 3746, 270, 434, 125, 281, 202, 351, 160, 'G', 1100),
(2259, 3747, 271, 435, 125, 281, 202, 352, 160, 'G', 1100),
(2260, 3748, 271, 435, 125, 281, 202, 352, 160, 'G', 1100),
(2261, 3749, 271, 435, 125, 281, 202, 352, 160, 'G', 1100),
(2262, 3750, 271, 435, 125, 281, 202, 352, 160, 'G', 1100),
(2263, 3751, 271, 435, 125, 281, 202, 352, 160, 'G', 1100),
(2264, 3752, 271, 435, 125, 281, 202, 352, 160, 'G', 1100),
(2265, 3753, 271, 435, 125, 281, 202, 352, 160, 'G', 1100),
(2266, 3754, 272, 436, 125, 281, 202, 353, 160, 'G', 1100),
(2267, 3755, 273, 437, 126, 282, 203, 354, 160, 'G', 1100),
(2268, 3756, 273, 437, 126, 282, 203, 354, 160, 'G', 1100),
(2269, 3757, 274, 438, 126, 282, 203, 355, 160, 'G', 1100),
(2270, 3758, 275, 439, 126, 282, 203, 356, 160, 'G', 1100),
(2271, 3759, 276, 438, 126, 282, 203, 356, 159, 'G', 1100),
(2272, 3760, 275, 439, 126, 282, 203, 356, 160, 'G', 1100),
(2273, 3761, 275, 439, 125, 283, 203, 356, 161, 'G', 1100),
(2274, 3762, 275, 439, 125, 281, 202, 356, 160, 'G', 1100),
(2275, 3763, 274, 438, 115, 271, 192, 355, 160, 'G', 1100),
(2276, 3764, 274, 438, 115, 271, 192, 355, 160, 'G', 1100),
(2277, 3765, 273, 437, 114, 270, 191, 354, 160, 'G', 1100),
(2278, 3766, 273, 437, 114, 270, 191, 354, 160, 'G', 1100),
(2279, 3767, 273, 437, 113, 269, 190, 354, 160, 'G', 1100),
(2280, 3768, 273, 437, 114, 270, 191, 354, 160, 'G', 1100),
(2281, 3769, 273, 437, 113, 269, 190, 354, 160, 'G', 1100),
(2282, 3770, 273, 437, 113, 269, 190, 354, 160, 'G', 1100),
(2283, 3771, 273, 437, 113, 269, 190, 354, 160, 'G', 1100),
(2284, 3772, 273, 437, 113, 269, 190, 354, 160, 'G', 1100),
(2285, 3773, 273, 437, 113, 269, 190, 354, 160, 'G', 1100),
(2286, 3774, 273, 437, 113, 269, 190, 354, 160, 'G', 1100),
(2287, 3775, 273, 437, 113, 269, 190, 354, 160, 'G', 1100),
(2288, 3776, 273, 437, 113, 269, 190, 354, 160, 'G', 1100),
(2289, 3777, 273, 437, 113, 269, 190, 354, 160, 'G', 1100),
(2290, 3778, 273, 437, 114, 270, 191, 354, 160, 'G', 1100),
(2291, 3779, 273, 437, 114, 270, 191, 354, 160, 'G', 1100),
(2292, 3780, 273, 437, 114, 270, 191, 354, 160, 'G', 1100),
(2293, 3781, 273, 437, 114, 270, 191, 354, 160, 'G', 1100),
(2294, 3782, 273, 437, 114, 270, 191, 354, 160, 'G', 1100),
(2295, 3783, 273, 437, 114, 270, 191, 354, 160, 'G', 1100),
(2296, 3784, 273, 437, 114, 270, 191, 354, 160, 'G', 1100),
(2297, 3785, 273, 437, 114, 270, 191, 354, 160, 'G', 1100),
(2298, 3786, 273, 437, 114, 270, 191, 354, 160, 'G', 1100),
(2299, 3787, 273, 437, 115, 271, 192, 354, 160, 'G', 1100),
(2300, 3788, 273, 437, 114, 270, 191, 354, 160, 'G', 1100),
(2301, 3789, 273, 437, 115, 271, 192, 354, 160, 'G', 1100),
(2302, 3790, 275, 439, 120, 276, 197, 356, 160, 'G', 1100),
(2303, 3791, 275, 439, 120, 276, 197, 356, 160, 'G', 1100),
(2304, 3792, 275, 439, 120, 276, 197, 356, 160, 'G', 1100),
(2305, 3793, 275, 439, 120, 276, 197, 356, 160, 'G', 1100),
(2306, 3794, 275, 439, 120, 276, 197, 356, 160, 'G', 1100),
(2307, 3795, 275, 439, 120, 276, 197, 356, 160, 'G', 1100),
(2308, 3796, 275, 439, 119, 275, 196, 356, 160, 'G', 1100),
(2309, 3797, 275, 439, 116, 272, 193, 356, 160, 'G', 1100),
(2310, 3798, 275, 439, 116, 272, 193, 356, 160, 'G', 1100),
(2311, 3799, 275, 439, 116, 272, 193, 356, 160, 'G', 1100),
(2312, 3800, 275, 439, 116, 272, 193, 356, 160, 'G', 1100),
(2313, 3801, 275, 439, 116, 272, 193, 356, 160, 'G', 1100),
(2314, 3802, 275, 439, 123, 279, 200, 356, 160, 'G', 1100),
(2315, 3803, 275, 439, 122, 278, 199, 356, 160, 'G', 1100),
(2316, 3804, 275, 439, 121, 277, 198, 356, 160, 'G', 1100),
(2317, 3805, 275, 439, 121, 277, 198, 356, 160, 'G', 1100),
(2318, 3806, 275, 439, 123, 279, 200, 356, 160, 'G', 1100),
(2319, 3808, 275, 439, 123, 279, 200, 356, 160, 'G', 1100),
(2320, 3809, 276, 434, 124, 278, 200, 354, 156, 'G', 1100),
(2321, 3810, 276, 434, 126, 278, 201, 354, 155, 'G', 1100),
(2322, 3811, 275, 433, 124, 276, 199, 353, 155, 'G', 1100),
(2323, 3812, 273, 433, 125, 277, 200, 352, 156, 'G', 1100),
(2324, 3813, 275, 431, 126, 276, 200, 352, 153, 'G', 1100),
(2325, 3814, 274, 430, 125, 275, 199, 351, 153, 'G', 1100),
(2326, 3815, 274, 432, 124, 276, 199, 352, 155, 'G', 1100),
(2327, 3816, 275, 429, 124, 274, 198, 351, 152, 'G', 1100),
(2328, 3817, 276, 426, 126, 272, 198, 350, 148, 'G', 1100),
(2329, 3818, 278, 424, 127, 269, 197, 350, 144, 'G', 1100),
(2330, 3819, 282, 422, 129, 267, 197, 351, 139, 'G', 1100),
(2331, 3820, 283, 419, 131, 263, 196, 350, 134, 'G', 1100),
(2332, 3821, 285, 419, 133, 261, 196, 351, 131, 'G', 1100),
(2333, 3822, 287, 417, 134, 260, 196, 351, 128, 'G', 1100),
(2334, 3823, 286, 416, 135, 257, 195, 350, 126, 'G', 1100),
(2335, 3824, 289, 413, 137, 257, 196, 350, 122, 'G', 1100),
(2336, 3825, 291, 411, 138, 254, 195, 350, 118, 'G', 1100),
(2337, 3826, 292, 410, 140, 252, 195, 350, 115, 'G', 1100),
(2338, 3827, 292, 410, 141, 251, 195, 350, 114, 'G', 1100),
(2339, 3828, 294, 408, 142, 250, 195, 350, 111, 'G', 1100),
(2340, 3829, 294, 408, 142, 250, 195, 350, 111, 'G', 1100),
(2341, 3830, 295, 407, 143, 247, 194, 350, 108, 'G', 1100),
(2342, 3831, 295, 407, 143, 245, 193, 350, 107, 'G', 1100),
(2343, 3832, 293, 405, 143, 245, 193, 348, 107, 'G', 1100),
(2344, 3833, 296, 406, 144, 244, 193, 350, 105, 'G', 1100),
(2345, 3834, 294, 404, 144, 246, 194, 348, 106, 'G', 1100),
(2346, 3835, 299, 403, 145, 243, 193, 350, 101, 'G', 1100),
(2347, 3836, 295, 403, 146, 244, 194, 348, 103, 'G', 1100),
(2348, 3837, 299, 403, 145, 241, 192, 350, 100, 'G', 1100),
(2349, 3838, 299, 401, 147, 241, 193, 349, 98, 'G', 1100),
(2350, 3839, 305, 401, 148, 238, 192, 352, 93, 'G', 1100),
(2351, 3840, 305, 401, 148, 238, 192, 352, 93, 'G', 1100),
(2352, 3841, 305, 401, 148, 238, 192, 352, 93, 'G', 1100),
(2353, 3842, 305, 401, 148, 238, 192, 352, 93, 'G', 1100),
(2354, 3843, 306, 400, 148, 238, 192, 352, 92, 'G', 1100),
(2355, 3844, 306, 400, 149, 237, 192, 352, 91, 'G', 1100),
(2356, 3845, 307, 399, 149, 237, 192, 352, 90, 'G', 1100),
(2357, 3846, 308, 398, 150, 236, 192, 352, 88, 'G', 1100),
(2358, 3847, 308, 398, 150, 236, 192, 352, 88, 'G', 1100),
(2359, 3848, 307, 397, 150, 236, 192, 351, 88, 'G', 1100),
(2360, 3849, 308, 398, 151, 235, 192, 352, 87, 'G', 1100),
(2361, 3850, 308, 398, 151, 235, 192, 352, 87, 'G', 1100),
(2362, 3851, 308, 398, 151, 235, 192, 352, 87, 'G', 1100),
(2363, 3852, 307, 397, 151, 235, 192, 351, 87, 'G', 1100),
(2364, 3853, 308, 398, 150, 236, 192, 352, 88, 'G', 1100),
(2365, 3854, 308, 398, 151, 237, 193, 352, 88, 'G', 1100),
(2366, 3855, 308, 398, 149, 237, 192, 352, 89, 'G', 1100),
(2367, 3856, 308, 398, 149, 237, 192, 352, 89, 'G', 1100),
(2368, 3857, 306, 400, 148, 238, 192, 352, 92, 'G', 1100),
(2369, 3858, 305, 399, 149, 239, 193, 351, 92, 'G', 1100),
(2370, 3859, 305, 401, 148, 240, 193, 352, 94, 'G', 1100),
(2371, 3860, 305, 401, 148, 240, 193, 352, 94, 'G', 1100),
(2372, 3861, 303, 401, 147, 241, 193, 351, 96, 'G', 1100),
(2373, 3862, 302, 402, 146, 242, 193, 351, 98, 'G', 1100),
(2374, 3863, 301, 403, 145, 243, 193, 351, 100, 'G', 1100),
(2375, 3864, 301, 405, 144, 244, 193, 352, 102, 'G', 1100),
(2376, 3865, 300, 404, 145, 245, 194, 351, 102, 'G', 1100),
(2377, 3866, 299, 405, 144, 244, 193, 351, 103, 'G', 1100),
(2378, 3867, 300, 406, 144, 246, 194, 352, 104, 'G', 1100),
(2379, 3868, 299, 407, 145, 247, 195, 352, 105, 'G', 1100),
(2380, 3869, 298, 408, 140, 244, 191, 352, 107, 'G', 1100),
(2381, 3870, 297, 409, 140, 246, 192, 352, 109, 'G', 1100),
(2382, 3871, 297, 409, 140, 246, 192, 352, 109, 'G', 1100),
(2383, 3872, 296, 408, 139, 245, 191, 351, 109, 'G', 1100),
(2384, 3873, 296, 408, 139, 245, 191, 351, 109, 'G', 1100),
(2385, 3874, 295, 409, 138, 246, 191, 351, 111, 'G', 1100),
(2386, 3875, 295, 407, 138, 246, 191, 350, 110, 'G', 1100),
(2387, 3876, 295, 409, 138, 248, 192, 351, 112, 'G', 1100),
(2388, 3877, 296, 410, 140, 250, 194, 352, 112, 'G', 1100),
(2389, 3878, 295, 411, 143, 253, 197, 352, 113, 'G', 1100),
(2390, 3879, 295, 411, 143, 253, 197, 352, 113, 'G', 1100),
(2391, 3880, 294, 412, 142, 254, 197, 352, 115, 'G', 1100),
(2392, 3881, 294, 412, 142, 254, 197, 352, 115, 'G', 1100),
(2393, 3882, 295, 413, 141, 255, 197, 353, 116, 'G', 1100),
(2394, 3883, 293, 413, 141, 255, 197, 352, 117, 'G', 1100),
(2395, 3884, 293, 413, 141, 255, 197, 352, 117, 'G', 1100),
(2396, 3885, 293, 413, 136, 252, 193, 352, 118, 'G', 1100),
(2397, 3886, 293, 413, 136, 252, 193, 352, 118, 'G', 1100),
(2398, 3887, 293, 413, 137, 253, 194, 352, 118, 'G', 1100),
(2399, 3888, 294, 414, 137, 253, 194, 353, 118, 'G', 1100),
(2400, 3889, 294, 414, 137, 253, 194, 353, 118, 'G', 1100),
(2401, 3890, 292, 414, 137, 253, 194, 352, 119, 'G', 1100),
(2402, 3891, 292, 414, 137, 253, 194, 352, 119, 'G', 1100),
(2403, 3892, 292, 414, 137, 255, 195, 352, 120, 'G', 1100),
(2404, 3893, 292, 414, 137, 255, 195, 352, 120, 'G', 1100),
(2405, 3894, 292, 414, 136, 254, 194, 352, 120, 'G', 1100),
(2406, 3895, 292, 416, 137, 255, 195, 353, 121, 'G', 1100),
(2407, 3896, 292, 414, 137, 255, 195, 352, 120, 'G', 1100),
(2408, 3897, 292, 416, 137, 255, 195, 353, 121, 'G', 1100),
(2409, 3898, 291, 415, 133, 251, 191, 352, 121, 'G', 1100),
(2410, 3899, 290, 412, 130, 246, 187, 350, 119, 'G', 1100),
(2411, 3900, 289, 409, 128, 246, 186, 348, 119, 'G', 1100),
(2412, 3901, 288, 408, 128, 244, 185, 347, 118, 'G', 1100),
(2413, 3902, 285, 407, 128, 246, 186, 345, 120, 'G', 1100),
(2414, 3903, 285, 407, 128, 246, 186, 345, 120, 'G', 1100),
(2415, 3904, 282, 406, 129, 247, 187, 343, 121, 'G', 1100),
(2416, 3905, 282, 406, 132, 250, 190, 343, 121, 'G', 1100),
(2417, 3906, 284, 408, 133, 253, 192, 345, 122, 'G', 1100),
(2418, 3907, 284, 408, 133, 253, 192, 345, 122, 'G', 1100),
(2419, 3908, 285, 409, 133, 253, 192, 346, 122, 'G', 1100),
(2420, 3909, 284, 410, 134, 254, 193, 346, 123, 'G', 1100),
(2421, 3910, 284, 410, 134, 254, 193, 346, 123, 'G', 1100),
(2422, 3911, 284, 410, 134, 254, 193, 346, 123, 'G', 1100),
(2423, 3912, 283, 411, 134, 254, 193, 346, 124, 'G', 1100),
(2424, 3913, 283, 411, 131, 251, 190, 346, 124, 'G', 1100),
(2425, 3914, 283, 411, 128, 248, 187, 346, 124, 'G', 1100),
(2426, 3915, 284, 412, 128, 248, 187, 347, 124, 'G', 1100),
(2427, 3916, 284, 412, 128, 248, 187, 347, 124, 'G', 1100),
(2428, 3917, 284, 412, 129, 249, 188, 347, 124, 'G', 1100),
(2429, 3918, 284, 414, 129, 249, 188, 348, 125, 'G', 1100),
(2430, 3919, 285, 413, 135, 257, 195, 348, 125, 'G', 1100),
(2431, 3920, 284, 414, 135, 261, 197, 348, 128, 'G', 1100),
(2432, 3921, 286, 416, 137, 259, 197, 350, 126, 'G', 1100),
(2433, 3922, 286, 416, 136, 260, 197, 350, 127, 'G', 1100),
(2434, 3923, 286, 416, 136, 260, 197, 350, 127, 'G', 1100),
(2435, 3924, 284, 414, 131, 253, 191, 348, 126, 'G', 1100),
(2436, 3925, 285, 415, 130, 254, 191, 349, 127, 'G', 1100),
(2437, 3926, 285, 415, 132, 254, 192, 349, 126, 'G', 1100),
(2438, 3927, 286, 416, 131, 255, 192, 350, 127, 'G', 1100),
(2439, 3928, 286, 416, 132, 254, 192, 350, 126, 'G', 1100),
(2440, 3929, 286, 416, 132, 254, 192, 350, 126, 'G', 1100),
(2441, 3930, 286, 416, 136, 262, 198, 350, 128, 'G', 1100),
(2442, 3931, 286, 416, 138, 264, 200, 350, 128, 'G', 1100),
(2443, 3932, 286, 416, 138, 264, 200, 350, 128, 'G', 1100),
(2444, 3933, 286, 416, 139, 263, 200, 350, 127, 'G', 1100),
(2445, 3934, 286, 416, 138, 264, 200, 350, 128, 'G', 1100),
(2446, 3935, 286, 416, 131, 253, 191, 350, 126, 'G', 1100),
(2447, 3936, 286, 416, 132, 254, 192, 350, 126, 'G', 1100),
(2448, 3937, 286, 416, 132, 254, 192, 350, 126, 'G', 1100),
(2449, 3938, 286, 416, 132, 254, 192, 350, 126, 'G', 1100),
(2450, 3939, 288, 418, 137, 261, 198, 352, 127, 'G', 1100),
(2451, 3940, 289, 417, 140, 266, 202, 352, 127, 'G', 1100),
(2452, 3941, 288, 418, 142, 264, 202, 352, 126, 'G', 1100),
(2453, 3942, 288, 418, 140, 264, 201, 352, 127, 'G', 1100),
(2454, 3943, 289, 419, 140, 264, 201, 353, 127, 'G', 1100),
(2455, 3944, 287, 419, 135, 257, 195, 352, 127, 'G', 1100),
(2456, 3945, 289, 419, 134, 258, 195, 353, 127, 'G', 1100),
(2457, 3946, 287, 419, 135, 259, 196, 352, 128, 'G', 1100),
(2458, 3947, 288, 418, 135, 261, 197, 352, 128, 'G', 1100),
(2459, 3948, 287, 419, 135, 261, 197, 352, 129, 'G', 1100),
(2460, 3949, 287, 417, 141, 267, 203, 351, 128, 'G', 1100),
(2461, 3950, 285, 417, 141, 267, 203, 350, 129, 'G', 1100),
(2462, 3951, 286, 416, 141, 267, 203, 350, 128, 'G', 1100),
(2463, 3952, 285, 417, 140, 266, 202, 350, 129, 'G', 1100),
(2464, 3953, 285, 417, 135, 261, 197, 350, 129, 'G', 1100),
(2465, 3954, 283, 415, 134, 260, 196, 348, 129, 'G', 1100),
(2466, 3955, 283, 415, 134, 260, 196, 348, 129, 'G', 1100),
(2467, 3956, 283, 415, 134, 260, 196, 348, 129, 'G', 1100),
(2468, 3957, 283, 415, 134, 260, 196, 348, 129, 'G', 1100),
(2469, 3958, 283, 415, 134, 260, 196, 348, 129, 'G', 1100),
(2470, 3959, 283, 415, 136, 262, 198, 348, 129, 'G', 1100),
(2471, 3960, 282, 414, 139, 265, 201, 347, 129, 'G', 1100),
(2472, 3961, 282, 414, 139, 265, 201, 347, 129, 'G', 1100),
(2473, 3962, 283, 415, 139, 265, 201, 348, 129, 'G', 1100),
(2474, 3963, 283, 415, 139, 265, 201, 348, 129, 'G', 1100),
(2475, 3964, 283, 415, 139, 265, 201, 348, 129, 'G', 1100),
(2476, 3965, 283, 415, 139, 265, 201, 348, 129, 'G', 1100),
(2477, 3966, 283, 415, 139, 265, 201, 348, 129, 'G', 1100),
(2478, 3967, 283, 415, 139, 265, 201, 348, 129, 'G', 1100),
(2479, 3968, 282, 416, 139, 265, 201, 348, 130, 'G', 1100),
(2480, 3969, 282, 414, 138, 264, 200, 347, 129, 'G', 1100),
(2481, 3970, 279, 413, 135, 261, 197, 345, 130, 'G', 1100),
(2482, 3971, 280, 414, 135, 261, 197, 346, 130, 'G', 1100),
(2483, 3972, 280, 414, 135, 261, 197, 346, 130, 'G', 1100),
(2484, 3973, 280, 414, 135, 261, 197, 346, 130, 'G', 1100),
(2485, 3974, 279, 413, 135, 261, 197, 345, 130, 'G', 1100),
(2486, 3975, 279, 413, 138, 264, 200, 345, 130, 'G', 1100),
(2487, 3976, 277, 411, 141, 267, 203, 343, 130, 'G', 1100),
(2488, 3977, 275, 409, 140, 266, 202, 341, 130, 'G', 1100),
(2489, 3978, 275, 409, 140, 266, 202, 341, 130, 'G', 1100),
(2490, 3979, 277, 409, 140, 266, 202, 342, 129, 'G', 1100),
(2491, 3980, 276, 408, 140, 266, 202, 341, 129, 'G', 1100),
(2492, 3981, 275, 407, 137, 261, 198, 340, 128, 'G', 1100),
(2493, 3982, 276, 408, 137, 261, 198, 341, 128, 'G', 1100),
(2494, 3983, 276, 408, 138, 262, 199, 341, 128, 'G', 1100),
(2495, 3984, 276, 408, 138, 260, 198, 341, 127, 'G', 1100),
(2496, 3985, 277, 409, 140, 264, 201, 342, 128, 'G', 1100),
(2497, 3986, 277, 409, 144, 270, 206, 342, 129, 'G', 1100),
(2498, 3987, 277, 411, 144, 270, 206, 343, 130, 'G', 1100),
(2499, 3988, 277, 411, 143, 269, 205, 343, 130, 'G', 1100),
(2500, 3989, 277, 411, 142, 268, 204, 343, 130, 'G', 1100),
(2501, 3990, 276, 408, 139, 263, 200, 341, 128, 'G', 1100),
(2502, 3991, 276, 408, 136, 260, 197, 341, 128, 'G', 1100),
(2503, 3992, 276, 408, 136, 258, 196, 341, 127, 'G', 1100),
(2504, 3993, 274, 406, 132, 256, 193, 339, 128, 'G', 1100),
(2505, 3994, 271, 405, 130, 254, 191, 337, 129, 'G', 1100),
(2506, 3995, 270, 402, 132, 254, 192, 335, 127, 'G', 1100),
(2507, 3996, 270, 402, 132, 254, 192, 335, 127, 'G', 1100),
(2508, 3997, 270, 402, 134, 260, 196, 335, 129, 'G', 1100),
(2509, 3998, 270, 402, 135, 261, 197, 335, 129, 'G', 1100),
(2510, 3999, 270, 402, 135, 261, 197, 335, 129, 'G', 1100),
(2511, 4000, 271, 401, 135, 261, 197, 335, 128, 'G', 1100),
(2512, 4001, 271, 401, 137, 261, 198, 335, 127, 'G', 1100),
(2513, 4002, 271, 401, 137, 261, 198, 335, 127, 'G', 1100),
(2514, 4003, 270, 400, 136, 262, 198, 334, 128, 'G', 1100),
(2515, 4004, 271, 401, 135, 261, 197, 335, 128, 'G', 1100),
(2516, 4005, 268, 400, 135, 261, 197, 333, 129, 'G', 1100),
(2517, 4006, 270, 400, 135, 261, 197, 334, 128, 'G', 1100),
(2518, 4007, 271, 401, 136, 260, 197, 335, 127, 'G', 1100),
(2519, 4008, 270, 400, 136, 260, 197, 334, 127, 'G', 1100),
(2520, 4009, 270, 400, 137, 261, 198, 334, 127, 'G', 1100),
(2521, 4010, 271, 401, 139, 263, 200, 335, 127, 'G', 1100),
(2522, 4011, 269, 399, 142, 266, 203, 333, 127, 'G', 1100),
(2523, 4012, 271, 399, 143, 267, 204, 334, 126, 'G', 1100),
(2524, 4013, 271, 399, 143, 269, 205, 334, 127, 'G', 1100),
(2525, 4014, 269, 399, 143, 269, 205, 333, 128, 'G', 1100),
(2526, 4015, 271, 399, 143, 269, 205, 334, 127, 'G', 1100),
(2527, 4016, 271, 399, 143, 269, 205, 334, 127, 'G', 1100),
(2528, 4017, 269, 399, 141, 265, 202, 333, 127, 'G', 1100),
(2529, 4018, 272, 398, 142, 264, 202, 334, 124, 'G', 1100),
(2530, 4019, 270, 398, 142, 266, 203, 333, 126, 'G', 1100),
(2531, 4020, 272, 398, 143, 267, 204, 334, 125, 'G', 1100),
(2532, 4021, 270, 398, 145, 271, 207, 333, 127, 'G', 1100),
(2533, 4022, 270, 398, 149, 273, 210, 333, 126, 'G', 1100),
(2534, 4023, 270, 398, 149, 275, 211, 333, 127, 'G', 1100),
(2535, 4024, 271, 397, 149, 273, 210, 333, 125, 'G', 1100),
(2536, 4025, 272, 396, 149, 275, 211, 333, 125, 'G', 1100),
(2537, 4026, 272, 396, 149, 273, 210, 333, 124, 'G', 1100),
(2538, 4027, 270, 398, 147, 271, 208, 333, 126, 'G', 1100),
(2539, 4028, 270, 398, 146, 270, 207, 333, 126, 'G', 1100),
(2540, 4029, 270, 398, 146, 270, 207, 333, 126, 'G', 1100),
(2541, 4030, 270, 398, 146, 270, 207, 333, 126, 'G', 1100),
(2542, 4031, 272, 396, 147, 269, 207, 333, 123, 'G', 1100),
(2543, 4032, 270, 398, 147, 271, 208, 333, 126, 'G', 1100),
(2544, 4033, 271, 397, 150, 276, 212, 333, 126, 'G', 1100),
(2545, 4034, 271, 397, 151, 275, 212, 333, 125, 'G', 1100),
(2546, 4035, 271, 397, 151, 275, 212, 333, 125, 'G', 1100),
(2547, 4036, 272, 400, 152, 274, 212, 335, 125, 'G', 1100),
(2548, 4037, 273, 399, 150, 274, 211, 335, 125, 'G', 1100),
(2549, 4038, 274, 398, 148, 270, 208, 335, 123, 'G', 1100),
(2550, 4039, 274, 398, 145, 269, 206, 335, 124, 'G', 1100),
(2551, 4040, 274, 398, 145, 269, 206, 335, 124, 'G', 1100),
(2552, 4041, 274, 398, 145, 269, 206, 335, 124, 'G', 1100),
(2553, 4042, 274, 398, 147, 269, 207, 335, 123, 'G', 1100),
(2554, 4043, 275, 397, 147, 269, 207, 335, 122, 'G', 1100),
(2555, 4044, 277, 399, 151, 275, 212, 337, 123, 'G', 1100),
(2556, 4045, 278, 398, 150, 276, 212, 337, 123, 'G', 1100),
(2557, 4046, 278, 398, 151, 275, 212, 337, 122, 'G', 1100),
(2558, 4047, 278, 398, 151, 275, 212, 337, 122, 'G', 1100),
(2559, 4048, 279, 399, 152, 274, 212, 338, 121, 'G', 1100),
(2560, 4049, 279, 399, 151, 273, 211, 338, 121, 'G', 1100),
(2561, 4050, 278, 398, 149, 273, 210, 337, 122, 'G', 1100),
(2562, 5490, 244, 400, 139, 287, 212, 321, 152, 'W', 1100),
(2563, 5491, 244, 400, 140, 286, 212, 321, 151, 'W', 1100),
(2564, 5492, 245, 401, 140, 286, 212, 322, 151, 'W', 1100),
(2565, 5493, 245, 401, 139, 287, 212, 322, 152, 'W', 1100),
(2566, 5494, 245, 401, 139, 287, 212, 322, 152, 'W', 1100),
(2567, 5495, 245, 401, 139, 287, 212, 322, 152, 'W', 1100),
(2568, 5496, 246, 402, 139, 287, 212, 323, 152, 'W', 1100),
(2569, 5497, 246, 402, 140, 288, 213, 323, 152, 'W', 1100),
(2570, 5498, 246, 400, 139, 285, 211, 322, 150, 'W', 1100),
(2571, 5499, 246, 400, 131, 277, 203, 322, 150, 'W', 1100),
(2572, 5500, 246, 400, 131, 277, 203, 322, 150, 'W', 1100),
(2573, 5501, 246, 400, 131, 277, 203, 322, 150, 'W', 1100),
(2574, 5502, 246, 400, 131, 277, 203, 322, 150, 'W', 1100),
(2575, 5503, 246, 400, 132, 278, 204, 322, 150, 'W', 1100),
(2576, 5504, 246, 400, 133, 279, 205, 322, 150, 'W', 1100),
(2577, 5505, 246, 402, 132, 280, 205, 323, 152, 'W', 1100),
(2578, 5506, 248, 402, 139, 287, 212, 324, 151, 'W', 1100),
(2579, 5507, 248, 402, 140, 286, 212, 324, 150, 'W', 1100),
(2580, 5508, 247, 403, 140, 286, 212, 324, 151, 'W', 1100),
(2581, 5509, 248, 402, 140, 286, 212, 324, 150, 'W', 1100),
(2582, 5510, 248, 402, 141, 287, 213, 324, 150, 'W', 1100),
(2583, 5511, 248, 402, 141, 287, 213, 324, 150, 'W', 1100),
(2584, 5512, 249, 403, 141, 287, 213, 325, 150, 'W', 1100),
(2585, 5513, 249, 403, 140, 288, 213, 325, 151, 'W', 1100),
(2586, 5514, 250, 404, 140, 288, 213, 326, 151, 'W', 1100),
(2587, 5515, 250, 402, 142, 290, 215, 325, 150, 'W', 1100),
(2588, 5516, 251, 403, 142, 288, 214, 326, 149, 'W', 1100),
(2589, 5517, 251, 403, 142, 290, 215, 326, 150, 'W', 1100),
(2590, 5518, 251, 403, 142, 288, 214, 326, 149, 'W', 1100),
(2591, 5519, 251, 403, 142, 290, 215, 326, 150, 'W', 1100),
(2592, 5520, 251, 403, 142, 290, 215, 326, 150, 'W', 1100),
(2593, 5521, 251, 403, 142, 290, 215, 326, 150, 'W', 1100),
(2594, 5522, 251, 403, 143, 289, 215, 326, 149, 'W', 1100),
(2595, 5523, 251, 403, 143, 289, 215, 326, 149, 'W', 1100),
(2596, 5524, 251, 403, 143, 291, 216, 326, 150, 'W', 1100),
(2597, 5525, 251, 403, 143, 291, 216, 326, 150, 'W', 1100),
(2598, 5526, 251, 403, 140, 288, 213, 326, 150, 'W', 1100),
(2599, 5527, 251, 403, 142, 288, 214, 326, 149, 'W', 1100),
(2600, 5528, 251, 403, 142, 288, 214, 326, 149, 'W', 1100),
(2601, 5529, 251, 405, 142, 290, 215, 327, 151, 'W', 1100),
(2602, 5530, 251, 405, 142, 290, 215, 327, 151, 'W', 1100),
(2603, 5531, 251, 405, 142, 290, 215, 327, 151, 'W', 1100),
(2604, 5532, 251, 405, 142, 290, 215, 327, 151, 'W', 1100),
(2605, 5533, 251, 405, 143, 289, 215, 327, 150, 'W', 1100),
(2606, 5534, 251, 405, 145, 293, 218, 327, 151, 'W', 1100),
(2607, 5535, 251, 405, 145, 293, 218, 327, 151, 'W', 1100),
(2608, 5536, 251, 405, 146, 294, 219, 327, 151, 'W', 1100),
(2609, 5537, 251, 405, 147, 295, 220, 327, 151, 'W', 1100),
(2610, 5538, 252, 406, 147, 295, 220, 328, 151, 'W', 1100),
(2611, 5539, 252, 406, 147, 295, 220, 328, 151, 'W', 1100),
(2612, 5540, 252, 406, 148, 296, 221, 328, 151, 'W', 1100),
(2613, 5541, 252, 406, 148, 296, 221, 328, 151, 'W', 1100),
(2614, 5542, 252, 406, 148, 296, 221, 328, 151, 'W', 1100),
(2615, 5543, 253, 405, 148, 296, 221, 328, 150, 'W', 1100),
(2616, 5544, 248, 402, 144, 292, 217, 324, 151, 'W', 1100),
(2617, 5545, 246, 400, 142, 288, 214, 322, 150, 'W', 1100),
(2618, 5546, 246, 400, 142, 288, 214, 322, 150, 'W', 1100),
(2619, 5547, 243, 397, 141, 287, 213, 319, 150, 'W', 1100),
(2620, 5548, 242, 396, 141, 287, 213, 318, 150, 'W', 1100),
(2621, 5549, 242, 396, 141, 287, 213, 318, 150, 'W', 1100),
(2622, 5550, 242, 396, 141, 287, 213, 318, 150, 'W', 1100),
(2623, 5551, 243, 395, 141, 287, 213, 318, 149, 'W', 1100),
(2624, 5552, 243, 397, 142, 288, 214, 319, 150, 'W', 1100),
(2625, 5553, 243, 397, 142, 290, 215, 319, 151, 'W', 1100),
(2626, 5554, 243, 397, 142, 290, 215, 319, 151, 'W', 1100),
(2627, 5555, 245, 397, 143, 289, 215, 320, 149, 'W', 1100),
(2628, 5556, 245, 397, 143, 289, 215, 320, 149, 'W', 1100),
(2629, 5557, 244, 398, 143, 289, 215, 320, 150, 'W', 1100),
(2630, 5558, 244, 398, 143, 291, 216, 320, 151, 'W', 1100),
(2631, 5559, 245, 397, 144, 290, 216, 320, 149, 'W', 1100),
(2632, 5560, 244, 398, 143, 291, 216, 320, 151, 'W', 1100),
(2633, 5561, 245, 397, 144, 292, 217, 320, 150, 'W', 1100),
(2634, 5562, 245, 399, 144, 292, 217, 321, 151, 'W', 1100),
(2635, 5563, 245, 397, 144, 292, 217, 320, 150, 'W', 1100),
(2636, 5564, 245, 399, 144, 292, 217, 321, 151, 'W', 1100),
(2637, 5565, 245, 399, 144, 292, 217, 321, 151, 'W', 1100),
(2638, 5566, 245, 399, 144, 292, 217, 321, 151, 'W', 1100),
(2639, 5567, 246, 400, 144, 292, 217, 322, 151, 'W', 1100),
(2640, 5568, 246, 400, 144, 292, 217, 322, 151, 'W', 1100),
(2641, 5569, 246, 400, 144, 292, 217, 322, 151, 'W', 1100),
(2642, 5570, 246, 400, 144, 292, 217, 322, 151, 'W', 1100),
(2643, 5571, 246, 402, 144, 292, 217, 323, 152, 'W', 1100),
(2644, 5572, 246, 402, 144, 292, 217, 323, 152, 'W', 1100),
(2645, 5573, 246, 402, 144, 292, 217, 323, 152, 'W', 1100),
(2646, 5574, 248, 402, 144, 292, 217, 324, 151, 'W', 1100),
(2647, 5575, 248, 402, 144, 292, 217, 324, 151, 'W', 1100),
(2648, 5576, 247, 403, 144, 292, 217, 324, 152, 'W', 1100),
(2649, 5577, 247, 403, 143, 293, 217, 324, 153, 'W', 1100),
(2650, 5578, 247, 403, 145, 293, 218, 324, 152, 'W', 1100),
(2651, 5579, 248, 402, 143, 291, 216, 324, 151, 'W', 1100),
(2652, 5580, 248, 402, 143, 291, 216, 324, 151, 'W', 1100),
(2653, 5581, 249, 401, 143, 291, 216, 324, 150, 'W', 1100),
(2654, 5582, 248, 404, 143, 291, 216, 325, 152, 'W', 1100),
(2655, 5583, 249, 403, 143, 291, 216, 325, 151, 'W', 1100),
(2656, 5584, 249, 403, 143, 293, 217, 325, 152, 'W', 1100),
(2657, 5585, 251, 403, 144, 292, 217, 326, 150, 'W', 1100),
(2658, 5586, 251, 403, 144, 292, 217, 326, 150, 'W', 1100),
(2659, 5587, 251, 403, 144, 292, 217, 326, 150, 'W', 1100),
(2660, 5588, 251, 403, 144, 292, 217, 326, 150, 'W', 1100),
(2661, 5589, 250, 404, 144, 294, 218, 326, 152, 'W', 1100),
(2662, 5590, 250, 404, 149, 297, 222, 326, 151, 'W', 1100),
(2663, 5591, 251, 405, 149, 297, 222, 327, 151, 'W', 1100),
(2664, 5592, 251, 405, 149, 297, 222, 327, 151, 'W', 1100),
(2665, 5593, 251, 405, 149, 297, 222, 327, 151, 'W', 1100),
(2666, 5594, 251, 405, 149, 297, 222, 327, 151, 'W', 1100),
(2667, 5595, 250, 404, 147, 295, 220, 326, 151, 'W', 1100),
(2668, 5596, 249, 403, 146, 294, 219, 325, 151, 'W', 1100),
(2669, 5597, 249, 403, 147, 295, 220, 325, 151, 'W', 1100),
(2670, 5598, 248, 402, 147, 295, 220, 324, 151, 'W', 1100),
(2671, 5599, 248, 402, 147, 295, 220, 324, 151, 'W', 1100),
(2672, 5600, 248, 402, 151, 297, 223, 324, 150, 'W', 1100),
(2673, 5601, 248, 402, 152, 298, 224, 324, 150, 'W', 1100),
(2674, 5602, 248, 402, 150, 298, 223, 324, 151, 'W', 1100),
(2675, 5603, 249, 403, 150, 298, 223, 325, 151, 'W', 1100),
(2676, 5604, 249, 403, 152, 298, 224, 325, 150, 'W', 1100),
(2677, 5605, 248, 402, 152, 298, 224, 324, 150, 'W', 1100),
(2678, 5606, 249, 403, 152, 298, 224, 325, 150, 'W', 1100),
(2679, 5607, 250, 404, 152, 298, 224, 326, 150, 'W', 1100),
(2680, 5608, 250, 404, 152, 298, 224, 326, 150, 'W', 1100),
(2681, 5609, 249, 403, 153, 299, 225, 325, 150, 'W', 1100),
(2682, 5610, 249, 403, 153, 299, 225, 325, 150, 'W', 1100),
(2683, 5611, 250, 404, 153, 299, 225, 326, 150, 'W', 1100),
(2684, 5612, 250, 404, 153, 301, 226, 326, 151, 'W', 1100),
(2685, 5613, 250, 404, 154, 300, 226, 326, 150, 'W', 1100),
(2686, 5614, 249, 403, 152, 298, 224, 325, 150, 'W', 1100),
(2687, 5615, 248, 402, 148, 296, 221, 324, 151, 'W', 1100),
(2688, 5616, 248, 402, 148, 296, 221, 324, 151, 'W', 1100),
(2689, 5617, 246, 402, 148, 296, 221, 323, 152, 'W', 1100),
(2690, 5618, 246, 400, 148, 296, 221, 322, 151, 'W', 1100),
(2691, 5619, 246, 400, 149, 297, 222, 322, 151, 'W', 1100),
(2692, 5620, 243, 397, 151, 297, 223, 319, 150, 'W', 1100),
(2693, 5621, 242, 396, 152, 298, 224, 318, 150, 'W', 1100),
(2694, 5622, 240, 394, 151, 297, 223, 316, 150, 'W', 1100),
(2695, 5623, 240, 394, 151, 297, 223, 316, 150, 'W', 1100),
(2696, 5624, 240, 394, 151, 297, 223, 316, 150, 'W', 1100),
(2697, 5625, 240, 394, 149, 297, 222, 316, 151, 'W', 1100),
(2698, 5626, 240, 394, 149, 297, 222, 316, 151, 'W', 1100),
(2699, 5627, 240, 394, 150, 296, 222, 316, 150, 'W', 1100),
(2700, 5628, 241, 395, 149, 297, 222, 317, 151, 'W', 1100),
(2701, 5629, 241, 395, 151, 297, 223, 317, 150, 'W', 1100),
(2702, 5630, 242, 396, 151, 297, 223, 318, 150, 'W', 1100),
(2703, 5631, 242, 396, 151, 297, 223, 318, 150, 'W', 1100),
(2704, 5632, 242, 396, 151, 297, 223, 318, 150, 'W', 1100),
(2705, 5633, 242, 396, 151, 297, 223, 318, 150, 'W', 1100),
(2706, 5635, 246, 396, 151, 297, 223, 320, 148, 'W', 1100),
(2707, 5636, 245, 393, 154, 300, 226, 318, 147, 'W', 1100),
(2708, 5637, 245, 393, 151, 297, 223, 318, 147, 'W', 1100),
(2709, 5638, 246, 396, 154, 300, 226, 320, 148, 'W', 1100),
(2710, 5639, 247, 395, 155, 297, 225, 320, 145, 'W', 1100),
(2711, 5640, 248, 394, 154, 298, 225, 320, 145, 'W', 1100),
(2712, 5641, 249, 395, 153, 297, 224, 321, 145, 'W', 1100),
(2713, 5642, 251, 393, 153, 297, 224, 321, 143, 'W', 1100),
(2714, 5643, 251, 391, 153, 293, 222, 320, 140, 'W', 1100),
(2715, 5644, 252, 390, 155, 291, 222, 320, 137, 'W', 1100),
(2716, 5645, 252, 386, 158, 288, 222, 318, 132, 'W', 1100),
(2717, 5646, 254, 384, 159, 285, 221, 318, 128, 'W', 1100),
(2718, 5647, 257, 381, 160, 282, 220, 318, 123, 'W', 1100),
(2719, 5648, 255, 379, 161, 279, 219, 316, 121, 'W', 1100),
(2720, 5649, 260, 376, 163, 275, 218, 317, 114, 'W', 1100),
(2721, 5650, 263, 375, 163, 273, 217, 318, 111, 'W', 1100),
(2722, 5651, 263, 375, 164, 272, 217, 318, 110, 'W', 1100),
(2723, 5652, 264, 374, 167, 269, 217, 318, 106, 'W', 1100),
(2724, 5653, 267, 371, 167, 267, 216, 318, 102, 'W', 1100),
(2725, 5654, 266, 370, 167, 267, 216, 317, 102, 'W', 1100),
(2726, 5655, 268, 370, 167, 265, 215, 318, 100, 'W', 1100),
(2727, 5656, 268, 370, 167, 263, 214, 318, 99, 'W', 1100),
(2728, 5657, 270, 368, 168, 262, 214, 318, 96, 'W', 1100),
(2729, 5658, 270, 368, 167, 261, 213, 318, 96, 'W', 1100),
(2730, 5659, 270, 368, 168, 260, 213, 318, 95, 'W', 1100),
(2731, 5660, 268, 366, 168, 260, 213, 316, 95, 'W', 1100),
(2732, 5661, 268, 366, 168, 258, 212, 316, 94, 'W', 1100),
(2733, 5662, 270, 366, 168, 258, 212, 317, 93, 'W', 1100),
(2734, 5663, 271, 365, 169, 257, 212, 317, 91, 'W', 1100),
(2735, 5664, 271, 365, 170, 258, 213, 317, 91, 'W', 1100),
(2736, 5665, 274, 364, 169, 257, 212, 318, 89, 'W', 1100),
(2737, 5666, 276, 366, 170, 256, 212, 320, 88, 'W', 1100),
(2738, 5667, 278, 366, 170, 256, 212, 321, 87, 'W', 1100),
(2739, 5668, 277, 365, 170, 256, 212, 320, 87, 'W', 1100),
(2740, 5669, 277, 365, 170, 254, 211, 320, 86, 'W', 1100),
(2741, 5670, 279, 363, 172, 254, 212, 320, 83, 'W', 1100),
(2742, 5671, 279, 363, 172, 254, 212, 320, 83, 'W', 1100),
(2743, 5672, 279, 363, 172, 254, 212, 320, 83, 'W', 1100),
(2744, 5673, 279, 363, 173, 253, 212, 320, 82, 'W', 1100),
(2745, 5674, 279, 363, 173, 253, 212, 320, 82, 'W', 1100),
(2746, 5675, 280, 364, 173, 253, 212, 321, 82, 'W', 1100),
(2747, 5676, 280, 364, 173, 253, 212, 321, 82, 'W', 1100),
(2748, 5677, 280, 364, 173, 253, 212, 321, 82, 'W', 1100),
(2749, 5678, 282, 364, 173, 253, 212, 322, 81, 'W', 1100),
(2750, 5679, 281, 365, 173, 253, 212, 322, 82, 'W', 1100),
(2751, 5680, 281, 365, 172, 254, 212, 322, 83, 'W', 1100),
(2752, 5681, 281, 365, 173, 253, 212, 322, 82, 'W', 1100),
(2753, 5682, 280, 366, 169, 251, 209, 322, 84, 'W', 1100),
(2754, 5683, 277, 365, 166, 248, 206, 320, 85, 'W', 1100),
(2755, 5684, 278, 366, 164, 248, 205, 321, 86, 'W', 1100),
(2756, 5685, 278, 368, 165, 251, 207, 322, 88, 'W', 1100),
(2757, 5686, 278, 370, 164, 252, 207, 323, 90, 'W', 1100),
(2758, 5687, 278, 372, 163, 253, 207, 324, 92, 'W', 1100),
(2759, 5688, 277, 373, 164, 254, 208, 324, 93, 'W', 1100),
(2760, 5689, 278, 374, 164, 256, 209, 325, 94, 'W', 1100),
(2761, 5690, 277, 375, 165, 257, 210, 325, 95, 'W', 1100),
(2762, 5691, 278, 376, 163, 257, 209, 326, 96, 'W', 1100),
(2763, 5692, 276, 376, 163, 259, 210, 325, 98, 'W', 1100),
(2764, 5693, 275, 377, 162, 260, 210, 325, 100, 'W', 1100),
(2765, 5694, 275, 379, 162, 262, 211, 326, 102, 'W', 1100),
(2766, 5695, 275, 379, 161, 261, 210, 326, 102, 'W', 1100),
(2767, 5696, 273, 377, 157, 257, 206, 324, 102, 'W', 1100),
(2768, 5697, 271, 375, 152, 252, 201, 322, 102, 'W', 1100),
(2769, 5698, 269, 373, 149, 249, 198, 320, 102, 'W', 1100),
(2770, 5699, 267, 373, 149, 249, 198, 319, 103, 'W', 1100),
(2771, 5700, 266, 372, 150, 252, 200, 318, 104, 'W', 1100),
(2772, 5701, 266, 372, 151, 253, 201, 318, 104, 'W', 1100),
(2773, 5702, 262, 372, 152, 256, 203, 316, 107, 'W', 1100),
(2774, 5703, 261, 373, 156, 262, 208, 316, 109, 'W', 1100),
(2775, 5704, 262, 374, 155, 263, 208, 317, 110, 'W', 1100),
(2776, 5705, 262, 374, 156, 264, 209, 317, 110, 'W', 1100),
(2777, 5706, 263, 375, 155, 263, 208, 318, 110, 'W', 1100),
(2778, 5707, 264, 376, 151, 259, 204, 319, 110, 'W', 1100),
(2779, 5708, 265, 377, 152, 260, 205, 320, 110, 'W', 1100),
(2780, 5709, 264, 378, 152, 260, 205, 320, 111, 'W', 1100),
(2781, 5710, 264, 378, 152, 262, 206, 320, 112, 'W', 1100),
(2782, 5711, 264, 378, 153, 261, 206, 320, 111, 'W', 1100),
(2783, 5712, 264, 378, 153, 263, 207, 320, 112, 'W', 1100),
(2784, 5713, 266, 380, 160, 270, 214, 322, 112, 'W', 1100),
(2785, 5714, 265, 381, 161, 271, 215, 322, 113, 'W', 1100),
(2786, 5715, 266, 380, 162, 272, 216, 322, 112, 'W', 1100),
(2787, 5716, 266, 382, 162, 272, 216, 323, 113, 'W', 1100),
(2788, 5717, 266, 382, 163, 273, 217, 323, 113, 'W', 1100),
(2789, 5718, 267, 383, 158, 268, 212, 324, 113, 'W', 1100),
(2790, 5719, 266, 384, 158, 268, 212, 324, 114, 'W', 1100),
(2791, 5720, 267, 383, 157, 269, 212, 324, 114, 'W', 1100),
(2792, 5721, 266, 384, 157, 269, 212, 324, 115, 'W', 1100),
(2793, 5722, 266, 384, 158, 270, 213, 324, 115, 'W', 1100),
(2794, 5723, 267, 385, 163, 279, 220, 325, 117, 'W', 1100),
(2795, 5724, 267, 387, 164, 280, 221, 326, 118, 'W', 1100),
(2796, 5725, 268, 386, 165, 279, 221, 326, 116, 'W', 1100),
(2797, 5726, 267, 387, 165, 281, 222, 326, 118, 'W', 1100),
(2798, 5727, 267, 387, 164, 280, 221, 326, 118, 'W', 1100),
(2799, 5728, 267, 387, 160, 274, 216, 326, 117, 'W', 1100),
(2800, 5729, 275, 387, 158, 272, 214, 330, 113, 'W', 1100),
(2801, 5730, 287, 385, 159, 273, 215, 335, 106, 'W', 1100),
(2802, 5731, 291, 381, 161, 275, 217, 335, 102, 'W', 1100),
(2803, 5732, 284, 380, 163, 277, 219, 331, 105, 'W', 1100),
(2804, 5733, 277, 379, 167, 279, 222, 327, 107, 'W', 1100),
(2805, 5734, 275, 379, 170, 286, 227, 326, 110, 'W', 1100),
(2806, 5735, 270, 380, 169, 285, 226, 324, 113, 'W', 1100),
(2807, 5736, 267, 379, 168, 284, 225, 322, 114, 'W', 1100),
(2808, 5737, 266, 380, 165, 283, 223, 322, 116, 'W', 1100),
(2809, 5738, 266, 380, 163, 281, 221, 322, 116, 'W', 1100),
(2810, 5739, 263, 379, 162, 278, 219, 320, 116, 'W', 1100),
(2811, 5740, 262, 380, 161, 277, 218, 320, 117, 'W', 1100),
(2812, 5741, 261, 379, 161, 277, 218, 319, 117, 'W', 1100),
(2813, 5742, 260, 380, 160, 276, 217, 319, 118, 'W', 1100),
(2814, 5743, 261, 381, 161, 277, 218, 320, 118, 'W', 1100),
(2815, 5744, 261, 381, 164, 280, 221, 320, 118, 'W', 1100),
(2816, 5745, 263, 383, 166, 282, 223, 322, 118, 'W', 1100),
(2817, 5746, 262, 384, 165, 283, 223, 322, 120, 'W', 1100),
(2818, 5747, 263, 385, 166, 282, 223, 323, 119, 'W', 1100),
(2819, 5748, 263, 383, 165, 283, 223, 322, 119, 'W', 1100),
(2820, 5749, 263, 385, 159, 277, 217, 323, 120, 'W', 1100),
(2821, 5750, 265, 385, 156, 272, 213, 324, 118, 'W', 1100),
(2822, 5751, 265, 385, 156, 272, 213, 324, 118, 'W', 1100),
(2823, 5752, 264, 386, 155, 273, 213, 324, 120, 'W', 1100),
(2824, 5753, 265, 387, 158, 274, 215, 325, 119, 'W', 1100),
(2825, 5754, 265, 389, 158, 276, 216, 326, 121, 'W', 1100),
(2826, 5755, 268, 390, 164, 284, 223, 328, 121, 'W', 1100),
(2827, 5756, 267, 391, 168, 288, 227, 328, 122, 'W', 1100),
(2828, 5757, 268, 390, 168, 288, 227, 328, 121, 'W', 1100),
(2829, 5758, 268, 392, 168, 288, 227, 329, 122, 'W', 1100),
(2830, 5759, 268, 392, 167, 287, 226, 329, 122, 'W', 1100),
(2831, 5760, 267, 391, 163, 283, 222, 328, 122, 'W', 1100),
(2832, 5761, 266, 390, 159, 277, 217, 327, 121, 'W', 1100),
(2833, 5762, 284, 388, 159, 277, 217, 335, 111, 'W', 1100),
(2834, 5763, 291, 385, 161, 277, 218, 337, 105, 'W', 1100),
(2835, 5764, 285, 381, 161, 279, 219, 332, 107, 'W', 1100),
(2836, 5765, 278, 380, 160, 278, 218, 328, 110, 'W', 1100),
(2837, 5766, 274, 378, 159, 277, 217, 325, 111, 'W', 1100),
(2838, 5767, 270, 376, 159, 277, 217, 322, 112, 'W', 1100),
(2839, 5768, 268, 376, 157, 275, 215, 321, 113, 'W', 1100),
(2840, 5769, 267, 375, 154, 272, 212, 320, 113, 'W', 1100),
(2841, 5770, 267, 375, 154, 272, 212, 320, 113, 'W', 1100),
(2842, 5771, 267, 375, 156, 272, 213, 320, 112, 'W', 1100),
(2843, 5772, 266, 374, 157, 273, 214, 319, 112, 'W', 1100),
(2844, 5773, 264, 374, 159, 277, 217, 318, 114, 'W', 1100),
(2845, 5774, 261, 373, 162, 280, 220, 316, 115, 'W', 1100),
(2846, 5775, 261, 373, 162, 282, 221, 316, 116, 'W', 1100),
(2847, 5776, 261, 373, 163, 281, 221, 316, 115, 'W', 1100),
(2848, 5777, 260, 372, 163, 281, 221, 315, 115, 'W', 1100),
(2849, 5778, 261, 373, 164, 282, 222, 316, 115, 'W', 1100),
(2850, 5779, 260, 372, 163, 283, 222, 315, 116, 'W', 1100),
(2851, 5780, 261, 373, 164, 282, 222, 316, 115, 'W', 1100),
(2852, 5781, 261, 373, 163, 281, 221, 316, 115, 'W', 1100),
(2853, 5782, 261, 373, 163, 281, 221, 316, 115, 'W', 1100),
(2854, 5783, 261, 373, 164, 282, 222, 316, 115, 'W', 1100),
(2855, 5784, 261, 373, 164, 282, 222, 316, 115, 'W', 1100),
(2856, 5785, 261, 373, 164, 284, 223, 316, 116, 'W', 1100),
(2857, 5786, 261, 373, 168, 288, 227, 316, 116, 'W', 1100),
(2858, 5787, 261, 373, 168, 288, 227, 316, 116, 'W', 1100),
(2859, 5788, 259, 373, 169, 289, 228, 315, 117, 'W', 1100),
(2860, 5789, 261, 373, 171, 291, 230, 316, 116, 'W', 1100),
(2861, 5790, 261, 373, 173, 293, 232, 316, 116, 'W', 1100),
(2862, 5791, 261, 373, 181, 301, 240, 316, 116, 'W', 1100),
(2863, 5792, 261, 373, 192, 312, 251, 316, 116, 'W', 1100),
(2864, 5793, 262, 376, 212, 330, 270, 318, 116, 'W', 1100),
(2865, 5794, 262, 376, 232, 352, 291, 318, 117, 'W', 1100),
(2866, 5795, 261, 377, 256, 374, 314, 318, 117, 'W', 1100),
(2867, 5796, 259, 379, 271, 387, 328, 318, 118, 'W', 1100),
(2868, 5797, 258, 380, 275, 391, 332, 318, 119, 'W', 1100),
(2869, 5798, 259, 381, 270, 388, 328, 319, 120, 'W', 1100),
(2870, 5799, 260, 382, 259, 379, 318, 320, 121, 'W', 1100),
(2871, 5800, 260, 382, 240, 358, 298, 320, 120, 'W', 1100),
(2872, 5801, 258, 382, 213, 333, 272, 319, 122, 'W', 1100),
(2873, 5802, 257, 381, 195, 313, 253, 318, 121, 'W', 1100),
(2874, 5803, 256, 378, 177, 295, 235, 316, 120, 'W', 1100),
(2875, 5804, 256, 378, 164, 280, 221, 316, 119, 'W', 1100),
(2876, 5805, 258, 380, 160, 276, 217, 318, 119, 'W', 1100),
(2877, 5806, 256, 378, 160, 276, 217, 316, 119, 'W', 1100),
(2878, 5807, 258, 380, 161, 277, 218, 318, 119, 'W', 1100),
(2879, 5808, 257, 379, 161, 277, 218, 317, 119, 'W', 1100),
(2880, 5809, 256, 378, 161, 277, 218, 316, 119, 'W', 1100),
(2881, 5810, 257, 377, 160, 276, 217, 316, 118, 'W', 1100),
(2882, 5811, 257, 377, 160, 276, 217, 316, 118, 'W', 1100),
(2883, 5812, 261, 377, 161, 277, 218, 318, 116, 'W', 1100),
(2884, 5813, 263, 377, 164, 280, 221, 319, 115, 'W', 1100),
(2885, 5814, 265, 377, 167, 285, 225, 320, 115, 'W', 1100),
(2886, 5815, 266, 376, 173, 291, 231, 320, 114, 'W', 1100),
(2887, 5816, 267, 377, 174, 292, 232, 321, 114, 'W', 1100),
(2888, 5817, 267, 377, 175, 293, 233, 321, 114, 'W', 1100),
(2889, 5818, 265, 377, 175, 293, 233, 320, 115, 'W', 1100),
(2890, 5819, 263, 375, 174, 292, 232, 318, 115, 'W', 1100),
(2891, 5820, 261, 373, 168, 286, 226, 316, 115, 'W', 1100),
(2892, 5821, 256, 370, 166, 282, 223, 312, 115, 'W', 1100),
(2893, 5822, 253, 369, 164, 282, 222, 310, 117, 'W', 1100),
(2894, 5823, 250, 366, 163, 281, 221, 307, 117, 'W', 1100),
(2895, 5824, 245, 361, 160, 278, 218, 302, 117, 'W', 1100),
(2896, 5825, 241, 359, 160, 278, 218, 299, 118, 'W', 1100),
(2897, 5826, 240, 358, 160, 278, 218, 298, 118, 'W', 1100),
(2898, 5827, 238, 354, 159, 277, 217, 295, 117, 'W', 1100),
(2899, 5828, 236, 354, 159, 275, 216, 294, 117, 'W', 1100),
(2900, 5829, 235, 353, 159, 275, 216, 293, 117, 'W', 1100),
(2901, 5830, 234, 352, 159, 275, 216, 292, 117, 'W', 1100),
(2902, 5831, 236, 352, 159, 275, 216, 293, 116, 'W', 1100),
(2903, 5832, 237, 353, 159, 275, 216, 294, 116, 'W', 1100),
(2904, 5833, 238, 352, 158, 276, 216, 294, 116, 'W', 1100),
(2905, 5834, 241, 353, 158, 276, 216, 296, 115, 'W', 1100),
(2906, 5835, 241, 353, 159, 277, 217, 296, 115, 'W', 1100),
(2907, 5836, 241, 353, 160, 278, 218, 296, 115, 'W', 1100),
(2908, 5837, 241, 353, 164, 282, 222, 296, 115, 'W', 1100),
(2909, 5838, 244, 354, 165, 283, 223, 298, 114, 'W', 1100),
(2910, 5839, 246, 354, 168, 286, 226, 299, 113, 'W', 1100),
(2911, 5840, 248, 354, 168, 286, 226, 300, 112, 'W', 1100),
(2912, 5841, 250, 354, 169, 287, 227, 301, 111, 'W', 1100),
(2913, 5842, 251, 355, 170, 288, 228, 302, 111, 'W', 1100),
(2914, 5843, 252, 356, 173, 291, 231, 303, 111, 'W', 1100),
(2915, 5844, 254, 356, 174, 290, 231, 304, 109, 'W', 1100),
(2916, 5845, 257, 355, 176, 292, 233, 305, 107, 'W', 1100),
(2917, 5846, 259, 357, 177, 293, 234, 307, 107, 'W', 1100),
(2918, 5847, 259, 357, 180, 296, 237, 307, 107, 'W', 1100),
(2919, 5848, 259, 357, 183, 299, 240, 307, 107, 'W', 1100),
(2920, 5849, 259, 357, 184, 300, 241, 307, 107, 'W', 1100),
(2921, 5850, 259, 357, 185, 301, 242, 307, 107, 'W', 1100),
(2922, 7290, 252, 402, 119, 257, 187, 326, 144, '-', 1100),
(2923, 7291, 254, 404, 119, 257, 187, 328, 144, '-', 1100),
(2924, 7292, 252, 402, 119, 257, 187, 326, 144, '-', 1100),
(2925, 7293, 250, 402, 118, 254, 185, 325, 144, '-', 1100),
(2926, 7294, 250, 402, 119, 255, 186, 325, 144, '-', 1100),
(2927, 7295, 251, 403, 119, 255, 186, 326, 144, '-', 1100),
(2928, 7296, 252, 402, 119, 255, 186, 326, 143, '-', 1100),
(2929, 7297, 251, 403, 119, 257, 187, 326, 145, '-', 1100),
(2930, 7298, 251, 403, 119, 255, 186, 326, 144, '-', 1100),
(2931, 7299, 251, 403, 119, 255, 186, 326, 144, '-', 1100),
(2932, 7300, 250, 402, 124, 262, 192, 325, 145, '-', 1100),
(2933, 7301, 250, 402, 123, 261, 191, 325, 145, '-', 1100),
(2934, 7302, 250, 402, 123, 261, 191, 325, 145, '-', 1100),
(2935, 7303, 249, 401, 124, 262, 192, 324, 145, '-', 1100),
(2936, 7304, 247, 399, 115, 251, 182, 322, 144, '-', 1100),
(2937, 7305, 245, 397, 105, 239, 171, 320, 143, '-', 1100),
(2938, 7306, 242, 392, 97, 227, 161, 316, 140, '-', 1100),
(2939, 7307, 240, 390, 88, 216, 151, 314, 139, '-', 1100),
(2940, 7308, 239, 389, 88, 216, 151, 313, 139, '-', 1100),
(2941, 7309, 239, 391, 92, 222, 156, 314, 141, '-', 1100),
(2942, 7310, 241, 391, 96, 228, 161, 315, 141, '-', 1100),
(2943, 7311, 240, 392, 100, 232, 165, 315, 142, '-', 1100),
(2944, 7312, 240, 392, 105, 239, 171, 315, 143, '-', 1100),
(2945, 7313, 241, 393, 109, 245, 176, 316, 144, '-', 1100),
(2946, 7314, 242, 392, 110, 246, 177, 316, 143, '-', 1100),
(2947, 7315, 242, 392, 111, 247, 178, 316, 143, '-', 1100),
(2948, 7316, 242, 394, 112, 248, 179, 317, 144, '-', 1100),
(2949, 7317, 244, 394, 113, 249, 180, 318, 143, '-', 1100),
(2950, 7318, 243, 395, 113, 251, 181, 318, 145, '-', 1100),
(2951, 7319, 243, 395, 114, 252, 182, 318, 145, '-', 1100),
(2952, 7320, 243, 395, 114, 252, 182, 318, 145, '-', 1100),
(2953, 7321, 243, 395, 114, 252, 182, 318, 145, '-', 1100),
(2954, 7322, 242, 394, 114, 252, 182, 317, 145, '-', 1100),
(2955, 7323, 242, 392, 111, 247, 178, 316, 143, '-', 1100),
(2956, 7324, 242, 392, 110, 248, 178, 316, 144, '-', 1100),
(2957, 7325, 241, 393, 112, 250, 180, 316, 145, '-', 1100),
(2958, 7326, 240, 394, 112, 250, 180, 316, 146, '-', 1100),
(2959, 7327, 241, 393, 112, 250, 180, 316, 145, '-', 1100),
(2960, 7328, 240, 394, 112, 250, 180, 316, 146, '-', 1100),
(2961, 7329, 241, 393, 112, 250, 180, 316, 145, '-', 1100),
(2962, 7330, 241, 393, 110, 248, 178, 316, 145, '-', 1100),
(2963, 7331, 238, 392, 103, 239, 170, 314, 145, '-', 1100),
(2964, 7332, 237, 391, 95, 227, 160, 313, 143, '-', 1100),
(2965, 7333, 236, 388, 84, 214, 148, 311, 141, '-', 1100),
(2966, 7334, 234, 388, 78, 206, 141, 310, 141, '-', 1100),
(2967, 7335, 235, 387, 75, 199, 136, 310, 138, '-', 1100),
(2968, 7336, 236, 388, 73, 199, 135, 311, 139, '-', 1100),
(2969, 7337, 236, 388, 73, 197, 134, 311, 138, '-', 1100),
(2970, 7338, 300, 422, 206, 348, 276, 360, 132, '-', 1100),
(2971, 7338, 235, 387, 73, 199, 135, 310, 139, '-', 1100),
(2972, 7339, 234, 386, 74, 198, 135, 309, 138, '-', 1100),
(2973, 7340, 234, 386, 71, 197, 133, 309, 139, '-', 1100),
(2974, 7341, 233, 385, 71, 197, 133, 308, 139, '-', 1100),
(2975, 7342, 232, 384, 71, 197, 133, 307, 139, '-', 1100),
(2976, 7343, 230, 382, 71, 197, 133, 305, 139, '-', 1100),
(2977, 7344, 229, 379, 71, 197, 133, 303, 138, '-', 1100),
(2978, 7345, 229, 379, 74, 198, 135, 303, 137, '-', 1100),
(2979, 7346, 229, 379, 78, 204, 140, 303, 138, '-', 1100),
(2980, 7347, 229, 379, 84, 214, 148, 303, 140, '-', 1100),
(2981, 7348, 228, 380, 97, 229, 162, 303, 142, '-', 1100),
(2982, 7349, 229, 381, 98, 230, 163, 304, 142, '-', 1100),
(2983, 7350, 230, 382, 100, 232, 165, 305, 142, '-', 1100),